Country,Year,Population
Sri Lanka,1980,14943645.0
Sri Lanka,1981,15198918.0
Sri Lanka,1982,15438753.0
Sri Lanka,1983,15658442.0
Sri Lanka,1984,15872577.0
Sri Lanka,1985,16092338.0
Sri Lanka,1986,16317995.0
Sri Lanka,1987,16547139.0
Sri Lanka,1988,16773736.0
Sri Lanka,1989,16990575.0
Sri Lanka,1990,17204094.0
Sri Lanka,1991,17416596.0
Sri Lanka,1992,17624457.0
Sri Lanka,1993,17825611.0
Sri Lanka,1994,18011744.0
Sri Lanka,1995,18177572.0
Sri Lanka,1996,18322506.0
Sri Lanka,1997,18449123.0
Sri Lanka,1998,18560798.0
Sri Lanka,1999,18670411.0
Sri Lanka,2000,18776371.0
Sri Lanka,2001,18920275.0
Sri Lanka,2002,19110707.0
Sri Lanka,2003,19303180.0
Sri Lanka,2004,19490431.0
Sri Lanka,2005,19673866.0
Sri Lanka,2006,19870706.0
Sri Lanka,2007,20078655.0
Sri Lanka,2008,20285643.0
Sri Lanka,2009,20482477.0
Sri Lanka,2010,20668557.0
Sri Lanka,2011,20859743.0
Sri Lanka,2012,21017147.0
Sri Lanka,2013,21131756.0
Sri Lanka,2014,21239457.0
Sri Lanka,2015,21336697.0
Sri Lanka,2016,21425494.0
Sri Lanka,2017,21506813.0
Sri Lanka,2018,21670000.0
Sri Lanka,2019,21803000.0
Sri Lanka,2020,21919000.0
Sri Lanka,2021,22156000.0
Sri Lanka,2022,22181000.0
Greece,1980,9642505.0
Greece,1981,9729350.0
Greece,1982,9789513.0
Greece,1983,9846627.0
Greece,1984,9895801.0
Greece,1985,9934300.0
Greece,1986,9967213.0
Greece,1987,10000595.0
Greece,1988,10036983.0
Greece,1989,10089498.0
Greece,1990,10196792.0
Greece,1991,10319927.0
Greece,1992,10399061.0
Greece,1993,10460415.0
Greece,1994,10512922.0
Greece,1995,10562153.0
Greece,1996,10608800.0
Greece,1997,10661259.0
Greece,1998,10720509.0
Greece,1999,10761698.0
Greece,2000,10805808.0
Greece,2001,10862132.0
Greece,2002,10902022.0
Greece,2003,10928070.0
Greece,2004,10955141.0
Greece,2005,10987314.0
Greece,2006,11020362.0
Greece,2007,11048473.0
Greece,2008,11077841.0
Greece,2009,11107017.0
Greece,2010,11121341.0
Greece,2011,11104899.0
Greece,2012,11045011.0
Greece,2013,10965211.0
Greece,2014,10892413.0
Greece,2015,10820883.0
Greece,2016,10775971.0
Greece,2017,10754679.0
Greece,2018,10732882.0
Greece,2019,10721582.0
Greece,2020,10698599.0
Greece,2021,10641221.0
Greece,2022,10566531.0
Brazil,1980,122288383.0
Brazil,1981,125168060.0
Brazil,1982,128065095.0
Brazil,1983,130977370.0
Brazil,1984,133888775.0
Brazil,1985,136783180.0
Brazil,1986,139643355.0
Brazil,1987,142466264.0
Brazil,1988,145253973.0
Brazil,1989,148003411.0
Brazil,1990,150706446.0
Brazil,1991,153336445.0
Brazil,1992,155900790.0
Brazil,1993,158440875.0
Brazil,1994,160980472.0
Brazil,1995,163515328.0
Brazil,1996,166037122.0
Brazil,1997,168546707.0
Brazil,1998,171039804.0
Brazil,1999,173486281.0
Brazil,2000,175873720.0
Brazil,2001,178211881.0
Brazil,2002,180476685.0
Brazil,2003,182629278.0
Brazil,2004,184722043.0
Brazil,2005,186797334.0
Brazil,2006,188820682.0
Brazil,2007,190779453.0
Brazil,2008,192672317.0
Brazil,2009,194517549.0
Brazil,2010,196353492.0
Brazil,2011,198185302.0
Brazil,2012,199977707.0
Brazil,2013,201721767.0
Brazil,2014,203459650.0
Brazil,2015,205188205.0
Brazil,2016,206859578.0
Brazil,2017,208504960.0
Brazil,2018,210166592.0
Brazil,2019,211782878.0
Brazil,2020,213196304.0
Brazil,2021,214326223.0
Brazil,2022,215313498.0
Kuwait,1980,1493870.0
Kuwait,1981,1573026.0
Kuwait,1982,1652921.0
Kuwait,1983,1736028.0
Kuwait,1984,1813986.0
Kuwait,1985,1888975.0
Kuwait,1986,1968093.0
Kuwait,1987,2048477.0
Kuwait,1988,2129153.0
Kuwait,1989,2210013.0
Kuwait,1990,1674938.0
Kuwait,1991,1339500.0
Kuwait,1992,1620633.0
Kuwait,1993,1653645.0
Kuwait,1994,1641106.0
Kuwait,1995,1655222.0
Kuwait,1996,1703318.0
Kuwait,1997,1761468.0
Kuwait,1998,1819544.0
Kuwait,1999,1877427.0
Kuwait,2000,1934901.0
Kuwait,2001,1991674.0
Kuwait,2002,2047364.0
Kuwait,2003,2101506.0
Kuwait,2004,2153481.0
Kuwait,2005,2235403.0
Kuwait,2006,2363409.0
Kuwait,2007,2506769.0
Kuwait,2008,2650930.0
Kuwait,2009,2795550.0
Kuwait,2010,2943356.0
Kuwait,2011,3143825.0
Kuwait,2012,3394663.0
Kuwait,2013,3646518.0
Kuwait,2014,3761584.0
Kuwait,2015,3908743.0
Kuwait,2016,4048085.0
Kuwait,2017,4124904.0
Kuwait,2018,4317185.0
Kuwait,2019,4441100.0
Kuwait,2020,4360444.0
Kuwait,2021,4250114.0
Kuwait,2022,4268873.0
Spain,1980,37491165.0
Spain,1981,37758631.0
Spain,1982,37986012.0
Spain,1983,38171525.0
Spain,1984,38330364.0
Spain,1985,38469512.0
Spain,1986,38584624.0
Spain,1987,38684815.0
Spain,1988,38766939.0
Spain,1989,38827764.0
Spain,1990,38867322.0
Spain,1991,38966376.0
Spain,1992,39157685.0
Spain,1993,39361262.0
Spain,1994,39549108.0
Spain,1995,39724050.0
Spain,1996,39889852.0
Spain,1997,40057389.0
Spain,1998,40223509.0
Spain,1999,40386875.0
Spain,2000,40567864.0
Spain,2001,40850412.0
Spain,2002,41431558.0
Spain,2003,42187645.0
Spain,2004,42921895.0
Spain,2005,43653155.0
Spain,2006,44397319.0
Spain,2007,45226803.0
Spain,2008,45954106.0
Spain,2009,46362946.0
Spain,2010,46576897.0
Spain,2011,46742697.0
Spain,2012,46773055.0
Spain,2013,46620045.0
Spain,2014,46480882.0
Spain,2015,46444832.0
Spain,2016,46484062.0
Spain,2017,46593236.0
Spain,2018,46797754.0
Spain,2019,47134837.0
Spain,2020,47365655.0
Spain,2021,47415750.0
Spain,2022,47615034.0
Gabon,1980,749078.0
Gabon,1981,768904.0
Gabon,1982,789585.0
Gabon,1983,811098.0
Gabon,1984,833417.0
Gabon,1985,856482.0
Gabon,1986,880340.0
Gabon,1987,905016.0
Gabon,1988,930464.0
Gabon,1989,956509.0
Gabon,1990,983028.0
Gabon,1991,1009995.0
Gabon,1992,1037446.0
Gabon,1993,1065390.0
Gabon,1994,1093611.0
Gabon,1995,1121964.0
Gabon,1996,1150601.0
Gabon,1997,1179806.0
Gabon,1998,1209832.0
Gabon,1999,1240764.0
Gabon,2000,1272935.0
Gabon,2001,1306590.0
Gabon,2002,1341696.0
Gabon,2003,1378398.0
Gabon,2004,1417110.0
Gabon,2005,1458353.0
Gabon,2006,1502534.0
Gabon,2007,1549774.0
Gabon,2008,1599978.0
Gabon,2009,1653542.0
Gabon,2010,1711105.0
Gabon,2011,1772500.0
Gabon,2012,1836705.0
Gabon,2013,1902226.0
Gabon,2014,1966855.0
Gabon,2015,2028517.0
Gabon,2016,2086206.0
Gabon,2017,2140215.0
Gabon,2018,2192012.0
Gabon,2019,2242785.0
Gabon,2020,2292573.0
Gabon,2021,2341179.0
Gabon,2022,2388992.0
Canada,1980,24515667.0
Canada,1981,24819915.0
Canada,1982,25116942.0
Canada,1983,25366451.0
Canada,1984,25607053.0
Canada,1985,25842116.0
Canada,1986,26100278.0
Canada,1987,26446601.0
Canada,1988,26791747.0
Canada,1989,27276781.0
Canada,1990,27691138.0
Canada,1991,28037420.0
Canada,1992,28371264.0
Canada,1993,28684764.0
Canada,1994,29000663.0
Canada,1995,29302311.0
Canada,1996,29610218.0
Canada,1997,29905948.0
Canada,1998,30155173.0
Canada,1999,30401286.0
Canada,2000,30685730.0
Canada,2001,31020902.0
Canada,2002,31360079.0
Canada,2003,31644028.0
Canada,2004,31940655.0
Canada,2005,32243753.0
Canada,2006,32571174.0
Canada,2007,32889025.0
Canada,2008,33247118.0
Canada,2009,33628895.0
Canada,2010,34004889.0
Canada,2011,34339328.0
Canada,2012,34714222.0
Canada,2013,35082954.0
Canada,2014,35437435.0
Canada,2015,35702908.0
Canada,2016,36109487.0
Canada,2017,36545236.0
Canada,2018,37065084.0
Canada,2019,37601230.0
Canada,2020,38007166.0
Canada,2021,38226498.0
Canada,2022,38929902.0
Iceland,1980,228138.0
Iceland,1981,230755.0
Iceland,1982,233860.0
Iceland,1983,236977.0
Iceland,1984,239511.0
Iceland,1985,241405.0
Iceland,1986,243180.0
Iceland,1987,245859.0
Iceland,1988,249740.0
Iceland,1989,252852.0
Iceland,1990,254826.0
Iceland,1991,257797.0
Iceland,1992,261057.0
Iceland,1993,263725.0
Iceland,1994,266021.0
Iceland,1995,267468.0
Iceland,1996,268916.0
Iceland,1997,271128.0
Iceland,1998,274047.0
Iceland,1999,277381.0
Iceland,2000,281205.0
Iceland,2001,284968.0
Iceland,2002,287523.0
Iceland,2003,289521.0
Iceland,2004,292074.0
Iceland,2005,296734.0
Iceland,2006,303782.0
Iceland,2007,311566.0
Iceland,2008,317414.0
Iceland,2009,318499.0
Iceland,2010,318041.0
Iceland,2011,319014.0
Iceland,2012,320716.0
Iceland,2013,323764.0
Iceland,2014,327386.0
Iceland,2015,330815.0
Iceland,2016,335439.0
Iceland,2017,343400.0
Iceland,2018,352721.0
Iceland,2019,360563.0
Iceland,2020,366463.0
Iceland,2021,372520.0
Iceland,2022,381900.0
Hungary,1980,10711122.0
Hungary,1981,10711848.0
Hungary,1982,10705535.0
Hungary,1983,10689463.0
Hungary,1984,10668095.0
Hungary,1985,10648713.0
Hungary,1986,10630564.0
Hungary,1987,10612741.0
Hungary,1988,10596487.0
Hungary,1989,10481719.0
Hungary,1990,10373988.0
Hungary,1991,10373400.0
Hungary,1992,10369341.0
Hungary,1993,10357523.0
Hungary,1994,10343355.0
Hungary,1995,10328965.0
Hungary,1996,10311238.0
Hungary,1997,10290486.0
Hungary,1998,10266570.0
Hungary,1999,10237530.0
Hungary,2000,10210971.0
Hungary,2001,10187576.0
Hungary,2002,10158608.0
Hungary,2003,10129552.0
Hungary,2004,10107146.0
Hungary,2005,10087065.0
Hungary,2006,10071370.0
Hungary,2007,10055780.0
Hungary,2008,10038188.0
Hungary,2009,10022650.0
Hungary,2010,10000023.0
Hungary,2011,9971727.0
Hungary,2012,9920362.0
Hungary,2013,9893082.0
Hungary,2014,9866468.0
Hungary,2015,9843028.0
Hungary,2016,9814023.0
Hungary,2017,9787966.0
Hungary,2018,9775564.0
Hungary,2019,9771141.0
Hungary,2020,9750149.0
Hungary,2021,9709891.0
Hungary,2022,9683505.0
Peru,1980,17492406.0
Peru,1981,17932344.0
Peru,1982,18374372.0
Peru,1983,18826906.0
Peru,1984,19285646.0
Peru,1985,19746610.0
Peru,1986,20208437.0
Peru,1987,20671360.0
Peru,1988,21143799.0
Peru,1989,21624311.0
Peru,1990,22109099.0
Peru,1991,22583006.0
Peru,1992,23047248.0
Peru,1993,23513882.0
Peru,1994,23983258.0
Peru,1995,24449055.0
Peru,1996,24907304.0
Peru,1997,25365386.0
Peru,1998,25818226.0
Peru,1999,26252239.0
Peru,2000,26654439.0
Peru,2001,27014909.0
Peru,2002,27334503.0
Peru,2003,27623341.0
Peru,2004,27893911.0
Peru,2005,28147267.0
Peru,2006,28381078.0
Peru,2007,28600387.0
Peru,2008,28806185.0
Peru,2009,29009326.0
Peru,2010,29229572.0
Peru,2011,29477721.0
Peru,2012,29749589.0
Peru,2013,30038809.0
Peru,2014,30353951.0
Peru,2015,30711863.0
Peru,2016,31132779.0
Peru,2017,31605486.0
Peru,2018,32203944.0
Peru,2019,32824861.0
Peru,2020,33304756.0
Peru,2021,33715471.0
Peru,2022,34049588.0
Norway,1980,4085620.0
Norway,1981,4099702.0
Norway,1982,4114787.0
Norway,1983,4128432.0
Norway,1984,4140099.0
Norway,1985,4152516.0
Norway,1986,4167354.0
Norway,1987,4186905.0
Norway,1988,4209488.0
Norway,1989,4226901.0
Norway,1990,4241473.0
Norway,1991,4261732.0
Norway,1992,4286401.0
Norway,1993,4311991.0
Norway,1994,4336613.0
Norway,1995,4359184.0
Norway,1996,4381336.0
Norway,1997,4405157.0
Norway,1998,4431464.0
Norway,1999,4461913.0
Norway,2000,4490967.0
Norway,2001,4513751.0
Norway,2002,4538159.0
Norway,2003,4564855.0
Norway,2004,4591910.0
Norway,2005,4623291.0
Norway,2006,4660677.0
Norway,2007,4709153.0
Norway,2008,4768212.0
Norway,2009,4828726.0
Norway,2010,4889252.0
Norway,2011,4953088.0
Norway,2012,5018573.0
Norway,2013,5079623.0
Norway,2014,5137232.0
Norway,2015,5188607.0
Norway,2016,5234519.0
Norway,2017,5276968.0
Norway,2018,5311916.0
Norway,2019,5347896.0
Norway,2020,5379475.0
Norway,2021,5408320.0
Norway,2022,5457127.0
China,1980,981235000.0
China,1981,993885000.0
China,1982,1008630000.0
China,1983,1023310000.0
China,1984,1036825000.0
China,1985,1051040000.0
China,1986,1066790000.0
China,1987,1084035000.0
China,1988,1101630000.0
China,1989,1118650000.0
China,1990,1135185000.0
China,1991,1150780000.0
China,1992,1164970000.0
China,1993,1178440000.0
China,1994,1191835000.0
China,1995,1204855000.0
China,1996,1217550000.0
China,1997,1230075000.0
China,1998,1241935000.0
China,1999,1252735000.0
China,2000,1262645000.0
China,2001,1271850000.0
China,2002,1280400000.0
China,2003,1288400000.0
China,2004,1296075000.0
China,2005,1303720000.0
China,2006,1311020000.0
China,2007,1317885000.0
China,2008,1324655000.0
China,2009,1331260000.0
China,2010,1337705000.0
China,2011,1345035000.0
China,2012,1354190000.0
China,2013,1363240000.0
China,2014,1371860000.0
China,2015,1379860000.0
China,2016,1387790000.0
China,2017,1396215000.0
China,2018,1402760000.0
China,2019,1407745000.0
China,2020,1411100000.0
China,2021,1412360000.0
China,2022,1412175000.0
Colombia,1980,26176195.0
Colombia,1981,26785982.0
Colombia,1982,27405194.0
Colombia,1983,28042329.0
Colombia,1984,28689032.0
Colombia,1985,29326260.0
Colombia,1986,29960101.0
Colombia,1987,30603048.0
Colombia,1988,31256727.0
Colombia,1989,31923117.0
Colombia,1990,32601393.0
Colombia,1991,33272628.0
Colombia,1992,33939039.0
Colombia,1993,34614735.0
Colombia,1994,35295461.0
Colombia,1995,35970101.0
Colombia,1996,36632573.0
Colombia,1997,37291946.0
Colombia,1998,37944414.0
Colombia,1999,38585033.0
Colombia,2000,39215135.0
Colombia,2001,39837875.0
Colombia,2002,40454050.0
Colombia,2003,41057687.0
Colombia,2004,41648268.0
Colombia,2005,42220940.0
Colombia,2006,42772910.0
Colombia,2007,43306582.0
Colombia,2008,43815313.0
Colombia,2009,44313917.0
Colombia,2010,44816108.0
Colombia,2011,45308899.0
Colombia,2012,45782417.0
Colombia,2013,46237930.0
Colombia,2014,46677947.0
Colombia,2015,47119728.0
Colombia,2016,47625955.0
Colombia,2017,48351671.0
Colombia,2018,49276961.0
Colombia,2019,50187406.0
Colombia,2020,50930662.0
Colombia,2021,51516562.0
Colombia,2022,51874024.0
Romania,1980,22207282.0
Romania,1981,22353070.0
Romania,1982,22475741.0
Romania,1983,22560478.0
Romania,1984,22640547.0
Romania,1985,22732999.0
Romania,1986,22836841.0
Romania,1987,22949430.0
Romania,1988,23057662.0
Romania,1989,23161458.0
Romania,1990,23201835.0
Romania,1991,23001155.0
Romania,1992,22794284.0
Romania,1993,22763280.0
Romania,1994,22730211.0
Romania,1995,22684270.0
Romania,1996,22619004.0
Romania,1997,22553978.0
Romania,1998,22507344.0
Romania,1999,22472040.0
Romania,2000,22442971.0
Romania,2001,22131970.0
Romania,2002,21730496.0
Romania,2003,21574326.0
Romania,2004,21451748.0
Romania,2005,21319685.0
Romania,2006,21193760.0
Romania,2007,20882982.0
Romania,2008,20537875.0
Romania,2009,20367487.0
Romania,2010,20246871.0
Romania,2011,20147528.0
Romania,2012,20058035.0
Romania,2013,19983693.0
Romania,2014,19908979.0
Romania,2015,19815616.0
Romania,2016,19702267.0
Romania,2017,19588715.0
Romania,2018,19473970.0
Romania,2019,19371648.0
Romania,2020,19265250.0
Romania,2021,19119880.0
Romania,2022,18956666.0
Algeria,1980,18739378.0
Algeria,1981,19351357.0
Algeria,1982,20000096.0
Algeria,1983,20682111.0
Algeria,1984,21393530.0
Algeria,1985,22132905.0
Algeria,1986,22882553.0
Algeria,1987,23586101.0
Algeria,1988,24243018.0
Algeria,1989,24889507.0
Algeria,1990,25518074.0
Algeria,1991,26133905.0
Algeria,1992,26748303.0
Algeria,1993,27354327.0
Algeria,1994,27937006.0
Algeria,1995,28478022.0
Algeria,1996,28984634.0
Algeria,1997,29476031.0
Algeria,1998,29924668.0
Algeria,1999,30346083.0
Algeria,2000,30774621.0
Algeria,2001,31200985.0
Algeria,2002,31624696.0
Algeria,2003,32055883.0
Algeria,2004,32510186.0
Algeria,2005,32956690.0
Algeria,2006,33435080.0
Algeria,2007,33983827.0
Algeria,2008,34569592.0
Algeria,2009,35196037.0
Algeria,2010,35856344.0
Algeria,2011,36543541.0
Algeria,2012,37260563.0
Algeria,2013,38000626.0
Algeria,2014,38760168.0
Algeria,2015,39543154.0
Algeria,2016,40339329.0
Algeria,2017,41136546.0
Algeria,2018,41927007.0
Algeria,2019,42705368.0
Algeria,2020,43451666.0
Algeria,2021,44177969.0
Algeria,2022,44903225.0
Bulgaria,1980,8861535.0
Bulgaria,1981,8891117.0
Bulgaria,1982,8917457.0
Bulgaria,1983,8939738.0
Bulgaria,1984,8960679.0
Bulgaria,1985,8960547.0
Bulgaria,1986,8958171.0
Bulgaria,1987,8971359.0
Bulgaria,1988,8981446.0
Bulgaria,1989,8876972.0
Bulgaria,1990,8718289.0
Bulgaria,1991,8632367.0
Bulgaria,1992,8540164.0
Bulgaria,1993,8472313.0
Bulgaria,1994,8443591.0
Bulgaria,1995,8406067.0
Bulgaria,1996,8362826.0
Bulgaria,1997,8312068.0
Bulgaria,1998,8256786.0
Bulgaria,1999,8210624.0
Bulgaria,2000,8170172.0
Bulgaria,2001,8009142.0
Bulgaria,2002,7837161.0
Bulgaria,2003,7775327.0
Bulgaria,2004,7716860.0
Bulgaria,2005,7658972.0
Bulgaria,2006,7601022.0
Bulgaria,2007,7545338.0
Bulgaria,2008,7492561.0
Bulgaria,2009,7444443.0
Bulgaria,2010,7395599.0
Bulgaria,2011,7348328.0
Bulgaria,2012,7305888.0
Bulgaria,2013,7265115.0
Bulgaria,2014,7223938.0
Bulgaria,2015,7177991.0
Bulgaria,2016,7127822.0
Bulgaria,2017,7075947.0
Bulgaria,2018,7025037.0
Bulgaria,2019,6975761.0
Bulgaria,2020,6934015.0
Bulgaria,2021,6877743.0
Bulgaria,2022,6465097.0
Mexico,1980,67705186.0
Mexico,1981,69233769.0
Mexico,1982,70656783.0
Mexico,1983,72080310.0
Mexico,1984,73489654.0
Mexico,1985,74872006.0
Mexico,1986,76224365.0
Mexico,1987,77553504.0
Mexico,1988,78892015.0
Mexico,1989,80233749.0
Mexico,1990,81720428.0
Mexico,1991,83351595.0
Mexico,1992,84993164.0
Mexico,1993,86648447.0
Mexico,1994,88314424.0
Mexico,1995,89969572.0
Mexico,1996,91586555.0
Mexico,1997,93183094.0
Mexico,1998,94767284.0
Mexico,1999,96334810.0
Mexico,2000,97873442.0
Mexico,2001,99394288.0
Mexico,2002,100917081.0
Mexico,2003,102429341.0
Mexico,2004,103945813.0
Mexico,2005,105442402.0
Mexico,2006,106886790.0
Mexico,2007,108302973.0
Mexico,2008,109684489.0
Mexico,2009,111049428.0
Mexico,2010,112532401.0
Mexico,2011,114150481.0
Mexico,2012,115755909.0
Mexico,2013,117290686.0
Mexico,2014,118755887.0
Mexico,2015,120149897.0
Mexico,2016,121519221.0
Mexico,2017,122839258.0
Mexico,2018,124013861.0
Mexico,2019,125085311.0
Mexico,2020,125998302.0
Mexico,2021,126705138.0
Mexico,2022,127504125.0
Singapore,1980,2413945.0
Singapore,1981,2532835.0
Singapore,1982,2646466.0
Singapore,1983,2681061.0
Singapore,1984,2732221.0
Singapore,1985,2735957.0
Singapore,1986,2733373.0
Singapore,1987,2774789.0
Singapore,1988,2846108.0
Singapore,1989,2930901.0
Singapore,1990,3047132.0
Singapore,1991,3135083.0
Singapore,1992,3230698.0
Singapore,1993,3313471.0
Singapore,1994,3419048.0
Singapore,1995,3524506.0
Singapore,1996,3670704.0
Singapore,1997,3796038.0
Singapore,1998,3927213.0
Singapore,1999,3958723.0
Singapore,2000,4027887.0
Singapore,2001,4138012.0
Singapore,2002,4175950.0
Singapore,2003,4114826.0
Singapore,2004,4166664.0
Singapore,2005,4265762.0
Singapore,2006,4401365.0
Singapore,2007,4588599.0
Singapore,2008,4839396.0
Singapore,2009,4987573.0
Singapore,2010,5076732.0
Singapore,2011,5183688.0
Singapore,2012,5312437.0
Singapore,2013,5399162.0
Singapore,2014,5469724.0
Singapore,2015,5535002.0
Singapore,2016,5607283.0
Singapore,2017,5612253.0
Singapore,2018,5638676.0
Singapore,2019,5703569.0
Singapore,2020,5685807.0
Singapore,2021,5453566.0
Singapore,2022,5637022.0
Myanmar,1980,33465781.0
Myanmar,1981,34110098.0
Myanmar,1982,34742586.0
Myanmar,1983,35424262.0
Myanmar,1984,36159838.0
Myanmar,1985,36881020.0
Myanmar,1986,37572340.0
Myanmar,1987,38233171.0
Myanmar,1988,38868270.0
Myanmar,1989,39489419.0
Myanmar,1990,40099553.0
Myanmar,1991,40680533.0
Myanmar,1992,41237813.0
Myanmar,1993,41788302.0
Myanmar,1994,42337109.0
Myanmar,1995,42880186.0
Myanmar,1996,43423369.0
Myanmar,1997,43972046.0
Myanmar,1998,44516185.0
Myanmar,1999,45041636.0
Myanmar,2000,45538332.0
Myanmar,2001,46014826.0
Myanmar,2002,46480230.0
Myanmar,2003,46924293.0
Myanmar,2004,47338446.0
Myanmar,2005,47724471.0
Myanmar,2006,48088274.0
Myanmar,2007,48445647.0
Myanmar,2008,48729486.0
Myanmar,2009,49015836.0
Myanmar,2010,49390988.0
Myanmar,2011,49794522.0
Myanmar,2012,50218185.0
Myanmar,2013,50648334.0
Myanmar,2014,51072436.0
Myanmar,2015,51483949.0
Myanmar,2016,51892349.0
Myanmar,2017,52288341.0
Myanmar,2018,52666014.0
Myanmar,2019,53040212.0
Myanmar,2020,53423198.0
Myanmar,2021,53798084.0
Myanmar,2022,54179306.0
Argentina,1980,28024803.0
Argentina,1981,28471285.0
Argentina,1982,28922762.0
Argentina,1983,29377137.0
Argentina,1984,29832197.0
Argentina,1985,30287112.0
Argentina,1986,30748326.0
Argentina,1987,31216453.0
Argentina,1988,31690792.0
Argentina,1989,32165766.0
Argentina,1990,32637657.0
Argentina,1991,33105763.0
Argentina,1992,33568285.0
Argentina,1993,34027240.0
Argentina,1994,34488696.0
Argentina,1995,34946110.0
Argentina,1996,35389362.0
Argentina,1997,35815971.0
Argentina,1998,36233195.0
Argentina,1999,36653031.0
Argentina,2000,37070774.0
Argentina,2001,37480493.0
Argentina,2002,37885028.0
Argentina,2003,38278164.0
Argentina,2004,38668796.0
Argentina,2005,39070501.0
Argentina,2006,39476851.0
Argentina,2007,39876111.0
Argentina,2008,40273769.0
Argentina,2009,40684338.0
Argentina,2010,40788453.0
Argentina,2011,41261490.0
Argentina,2012,41733271.0
Argentina,2013,42202935.0
Argentina,2014,42669500.0
Argentina,2015,43131966.0
Argentina,2016,43590368.0
Argentina,2017,44044811.0
Argentina,2018,44494502.0
Argentina,2019,44938712.0
Argentina,2020,45376763.0
Argentina,2021,45808747.0
Argentina,2022,46234830.0
United Arab Emirates,1980,1014048.0
United Arab Emirates,1981,1100180.0
United Arab Emirates,1982,1167856.0
United Arab Emirates,1983,1237572.0
United Arab Emirates,1984,1308331.0
United Arab Emirates,1985,1379536.0
United Arab Emirates,1986,1468697.0
United Arab Emirates,1987,1575909.0
United Arab Emirates,1988,1683681.0
United Arab Emirates,1989,1791840.0
United Arab Emirates,1990,1900151.0
United Arab Emirates,1991,2008383.0
United Arab Emirates,1992,2116231.0
United Arab Emirates,1993,2223284.0
United Arab Emirates,1994,2329024.0
United Arab Emirates,1995,2433988.0
United Arab Emirates,1996,2572735.0
United Arab Emirates,1997,2746119.0
United Arab Emirates,1998,2921130.0
United Arab Emirates,1999,3097563.0
United Arab Emirates,2000,3275333.0
United Arab Emirates,2001,3454198.0
United Arab Emirates,2002,3633655.0
United Arab Emirates,2003,3813443.0
United Arab Emirates,2004,3993339.0
United Arab Emirates,2005,4280993.0
United Arab Emirates,2006,4898954.0
United Arab Emirates,2007,5872624.0
United Arab Emirates,2008,6988685.0
United Arab Emirates,2009,7992644.0
United Arab Emirates,2010,8481771.0
United Arab Emirates,2011,8575205.0
United Arab Emirates,2012,8664969.0
United Arab Emirates,2013,8751847.0
United Arab Emirates,2014,8835951.0
United Arab Emirates,2015,8916899.0
United Arab Emirates,2016,8994263.0
United Arab Emirates,2017,9068296.0
United Arab Emirates,2018,9140169.0
United Arab Emirates,2019,9211657.0
United Arab Emirates,2020,9287289.0
United Arab Emirates,2021,9365145.0
United Arab Emirates,2022,9441129.0
Saudi Arabia,1980,10171710.0
Saudi Arabia,1981,10678211.0
Saudi Arabia,1982,11201154.0
Saudi Arabia,1983,11746020.0
Saudi Arabia,1984,12310361.0
Saudi Arabia,1985,12890245.0
Saudi Arabia,1986,13483349.0
Saudi Arabia,1987,14089798.0
Saudi Arabia,1988,14713715.0
Saudi Arabia,1989,15353227.0
Saudi Arabia,1990,16004763.0
Saudi Arabia,1991,16654276.0
Saudi Arabia,1992,17281350.0
Saudi Arabia,1993,17846461.0
Saudi Arabia,1994,18367528.0
Saudi Arabia,1995,18888857.0
Saudi Arabia,1996,19410280.0
Saudi Arabia,1997,19938377.0
Saudi Arabia,1998,20472580.0
Saudi Arabia,1999,21009660.0
Saudi Arabia,2000,21547390.0
Saudi Arabia,2001,22085929.0
Saudi Arabia,2002,22623415.0
Saudi Arabia,2003,23150847.0
Saudi Arabia,2004,23661808.0
Saudi Arabia,2005,24397644.0
Saudi Arabia,2006,25382870.0
Saudi Arabia,2007,26400068.0
Saudi Arabia,2008,27437353.0
Saudi Arabia,2009,28483797.0
Saudi Arabia,2010,29411929.0
Saudi Arabia,2011,30150945.0
Saudi Arabia,2012,30821543.0
Saudi Arabia,2013,31482498.0
Saudi Arabia,2014,32125564.0
Saudi Arabia,2015,32749848.0
Saudi Arabia,2016,33416270.0
Saudi Arabia,2017,34193122.0
Saudi Arabia,2018,35018133.0
Saudi Arabia,2019,35827362.0
Saudi Arabia,2020,35997107.0
Saudi Arabia,2021,35950396.0
Saudi Arabia,2022,36408820.0
Denmark,1980,5123027.0
Denmark,1981,5121572.0
Denmark,1982,5117810.0
Denmark,1983,5114297.0
Denmark,1984,5111619.0
Denmark,1985,5113691.0
Denmark,1986,5120534.0
Denmark,1987,5127024.0
Denmark,1988,5129516.0
Denmark,1989,5132594.0
Denmark,1990,5140939.0
Denmark,1991,5154298.0
Denmark,1992,5171370.0
Denmark,1993,5188628.0
Denmark,1994,5206180.0
Denmark,1995,5233373.0
Denmark,1996,5263074.0
Denmark,1997,5284991.0
Denmark,1998,5304219.0
Denmark,1999,5321799.0
Denmark,2000,5339616.0
Denmark,2001,5358783.0
Denmark,2002,5375931.0
Denmark,2003,5390574.0
Denmark,2004,5404523.0
Denmark,2005,5419432.0
Denmark,2006,5437272.0
Denmark,2007,5461438.0
Denmark,2008,5493621.0
Denmark,2009,5523095.0
Denmark,2010,5547683.0
Denmark,2011,5570572.0
Denmark,2012,5591572.0
Denmark,2013,5614932.0
Denmark,2014,5643475.0
Denmark,2015,5683483.0
Denmark,2016,5728010.0
Denmark,2017,5764980.0
Denmark,2018,5793636.0
Denmark,2019,5814422.0
Denmark,2020,5831404.0
Denmark,2021,5856733.0
Denmark,2022,5903037.0
Bahrain,1980,362595.0
Bahrain,1981,377430.0
Bahrain,1982,391017.0
Bahrain,1983,404772.0
Bahrain,1984,419217.0
Bahrain,1985,434375.0
Bahrain,1986,450196.0
Bahrain,1987,466565.0
Bahrain,1988,483337.0
Bahrain,1989,500349.0
Bahrain,1990,517418.0
Bahrain,1991,535415.0
Bahrain,1992,554470.0
Bahrain,1993,573755.0
Bahrain,1994,593254.0
Bahrain,1995,612934.0
Bahrain,1996,632756.0
Bahrain,1997,652643.0
Bahrain,1998,672484.0
Bahrain,1999,692133.0
Bahrain,2000,711442.0
Bahrain,2001,730257.0
Bahrain,2002,748324.0
Bahrain,2003,778256.0
Bahrain,2004,833451.0
Bahrain,2005,901921.0
Bahrain,2006,970981.0
Bahrain,2007,1040532.0
Bahrain,2008,1110343.0
Bahrain,2009,1179453.0
Bahrain,2010,1213645.0
Bahrain,2011,1212077.0
Bahrain,2012,1224939.0
Bahrain,2013,1261673.0
Bahrain,2014,1311134.0
Bahrain,2015,1362142.0
Bahrain,2016,1409661.0
Bahrain,2017,1456834.0
Bahrain,2018,1487340.0
Bahrain,2019,1494188.0
Bahrain,2020,1477469.0
Bahrain,2021,1463265.0
Bahrain,2022,1472233.0
Morocco,1980,19678444.0
Morocco,1981,20208260.0
Morocco,1982,20746765.0
Morocco,1983,21287381.0
Morocco,1984,21817271.0
Morocco,1985,22335077.0
Morocco,1986,22824446.0
Morocco,1987,23279935.0
Morocco,1988,23720590.0
Morocco,1989,24148104.0
Morocco,1990,24570814.0
Morocco,1991,24988083.0
Morocco,1992,25400676.0
Morocco,1993,25806777.0
Morocco,1994,26201551.0
Morocco,1995,26599048.0
Morocco,1996,26999093.0
Morocco,1997,27397118.0
Morocco,1998,27791825.0
Morocco,1999,28176997.0
Morocco,2000,28554415.0
Morocco,2001,28930097.0
Morocco,2002,29301817.0
Morocco,2003,29661270.0
Morocco,2004,30033125.0
Morocco,2005,30431902.0
Morocco,2006,30833022.0
Morocco,2007,31232633.0
Morocco,2008,31634992.0
Morocco,2009,32042877.0
Morocco,2010,32464865.0
Morocco,2011,32903699.0
Morocco,2012,33352169.0
Morocco,2013,33803527.0
Morocco,2014,34248603.0
Morocco,2015,34680458.0
Morocco,2016,35107264.0
Morocco,2017,35528115.0
Morocco,2018,35927511.0
Morocco,2019,36304408.0
Morocco,2020,36688772.0
Morocco,2021,37076584.0
Morocco,2022,37457971.0
Sweden,1980,8310531.0
Sweden,1981,8320503.0
Sweden,1982,8325263.0
Sweden,1983,8329033.0
Sweden,1984,8336605.0
Sweden,1985,8350386.0
Sweden,1986,8369829.0
Sweden,1987,8397804.0
Sweden,1988,8436489.0
Sweden,1989,8492964.0
Sweden,1990,8558835.0
Sweden,1991,8617375.0
Sweden,1992,8668067.0
Sweden,1993,8718561.0
Sweden,1994,8780745.0
Sweden,1995,8826939.0
Sweden,1996,8840998.0
Sweden,1997,8846062.0
Sweden,1998,8850974.0
Sweden,1999,8857874.0
Sweden,2000,8872109.0
Sweden,2001,8895960.0
Sweden,2002,8924958.0
Sweden,2003,8958229.0
Sweden,2004,8993531.0
Sweden,2005,9029572.0
Sweden,2006,9080505.0
Sweden,2007,9148092.0
Sweden,2008,9219637.0
Sweden,2009,9298515.0
Sweden,2010,9378126.0
Sweden,2011,9449213.0
Sweden,2012,9519374.0
Sweden,2013,9600379.0
Sweden,2014,9696110.0
Sweden,2015,9799186.0
Sweden,2016,9923085.0
Sweden,2017,10057698.0
Sweden,2018,10175214.0
Sweden,2019,10278887.0
Sweden,2020,10353442.0
Sweden,2021,10415811.0
Sweden,2022,10486941.0
Bangladesh,1980,83929765.0
Bangladesh,1981,86154836.0
Bangladesh,1982,88555336.0
Bangladesh,1983,91045478.0
Bangladesh,1984,93534239.0
Bangladesh,1985,95959099.0
Bangladesh,1986,98271746.0
Bangladesh,1987,100490256.0
Bangladesh,1988,102688833.0
Bangladesh,1989,104893674.0
Bangladesh,1990,107147651.0
Bangladesh,1991,109242834.0
Bangladesh,1992,111272102.0
Bangladesh,1993,113418757.0
Bangladesh,1994,115614891.0
Bangladesh,1995,117793338.0
Bangladesh,1996,119876868.0
Bangladesh,1997,122039226.0
Bangladesh,1998,124350471.0
Bangladesh,1999,126754824.0
Bangladesh,2000,129193327.0
Bangladesh,2001,131670484.0
Bangladesh,2002,134139826.0
Bangladesh,2003,136503206.0
Bangladesh,2004,138789725.0
Bangladesh,2005,140912590.0
Bangladesh,2006,142628831.0
Bangladesh,2007,144135934.0
Bangladesh,2008,145421318.0
Bangladesh,2009,146706810.0
Bangladesh,2010,148391139.0
Bangladesh,2011,150211005.0
Bangladesh,2012,152090649.0
Bangladesh,2013,154030139.0
Bangladesh,2014,155961299.0
Bangladesh,2015,157830000.0
Bangladesh,2016,159784568.0
Bangladesh,2017,161793964.0
Bangladesh,2018,163683958.0
Bangladesh,2019,165516222.0
Bangladesh,2020,167420951.0
Bangladesh,2021,169356251.0
Bangladesh,2022,171186372.0
Japan,1980,116807000.0
Japan,1981,117661000.0
Japan,1982,118480000.0
Japan,1983,119307000.0
Japan,1984,120083000.0
Japan,1985,120837000.0
Japan,1986,121482000.0
Japan,1987,122069000.0
Japan,1988,122578000.0
Japan,1989,123069000.0
Japan,1990,123478000.0
Japan,1991,123964000.0
Japan,1992,124425000.0
Japan,1993,124829000.0
Japan,1994,125178000.0
Japan,1995,125472000.0
Japan,1996,125757000.0
Japan,1997,126057000.0
Japan,1998,126400000.0
Japan,1999,126631000.0
Japan,2000,126843000.0
Japan,2001,127149000.0
Japan,2002,127445000.0
Japan,2003,127718000.0
Japan,2004,127761000.0
Japan,2005,127773000.0
Japan,2006,127854000.0
Japan,2007,128001000.0
Japan,2008,128063000.0
Japan,2009,128047000.0
Japan,2010,128070000.0
Japan,2011,127833000.0
Japan,2012,127629000.0
Japan,2013,127445000.0
Japan,2014,127276000.0
Japan,2015,127141000.0
Japan,2016,127076000.0
Japan,2017,126972000.0
Japan,2018,126811000.0
Japan,2019,126633000.0
Japan,2020,126261000.0
Japan,2021,125681593.0
Japan,2022,125124989.0
Kazakhstan,1980,14172710.0
Kazakhstan,1981,14397391.0
Kazakhstan,1982,14634179.0
Kazakhstan,1983,14885966.0
Kazakhstan,1984,15147590.0
Kazakhstan,1985,15413315.0
Kazakhstan,1986,15721289.0
Kazakhstan,1987,16072478.0
Kazakhstan,1988,16430590.0
Kazakhstan,1989,16249500.0
Kazakhstan,1990,16348000.0
Kazakhstan,1991,16451711.0
Kazakhstan,1992,16439095.0
Kazakhstan,1993,16380672.0
Kazakhstan,1994,16145766.0
Kazakhstan,1995,15816243.0
Kazakhstan,1996,15578227.0
Kazakhstan,1997,15334405.0
Kazakhstan,1998,15071640.0
Kazakhstan,1999,14928374.0
Kazakhstan,2000,14883626.0
Kazakhstan,2001,14858335.0
Kazakhstan,2002,14858948.0
Kazakhstan,2003,14909019.0
Kazakhstan,2004,15012984.0
Kazakhstan,2005,15147029.0
Kazakhstan,2006,15308085.0
Kazakhstan,2007,15484192.0
Kazakhstan,2008,15776938.0
Kazakhstan,2009,16092822.0
Kazakhstan,2010,16321872.0
Kazakhstan,2011,16557202.0
Kazakhstan,2012,16792090.0
Kazakhstan,2013,17035551.0
Kazakhstan,2014,17288285.0
Kazakhstan,2015,17542806.0
Kazakhstan,2016,17794055.0
Kazakhstan,2017,18037776.0
Kazakhstan,2018,18276452.0
Kazakhstan,2019,18513673.0
Kazakhstan,2020,18755666.0
Kazakhstan,2021,19000988.0
Kazakhstan,2022,19621972.0
Cyprus,1980,679327.0
Cyprus,1981,687170.0
Cyprus,1982,696227.0
Cyprus,1983,707477.0
Cyprus,1984,719678.0
Cyprus,1985,731664.0
Cyprus,1986,743446.0
Cyprus,1987,755021.0
Cyprus,1988,766412.0
Cyprus,1989,777592.0
Cyprus,1990,788500.0
Cyprus,1991,799061.0
Cyprus,1992,810431.0
Cyprus,1993,825986.0
Cyprus,1994,844444.0
Cyprus,1995,862418.0
Cyprus,1996,880058.0
Cyprus,1997,897471.0
Cyprus,1998,914660.0
Cyprus,1999,931600.0
Cyprus,2000,948237.0
Cyprus,2001,964830.0
Cyprus,2002,982194.0
Cyprus,2003,1000350.0
Cyprus,2004,1018684.0
Cyprus,2005,1037062.0
Cyprus,2006,1055438.0
Cyprus,2007,1073873.0
Cyprus,2008,1092390.0
Cyprus,2009,1110974.0
Cyprus,2010,1129686.0
Cyprus,2011,1145086.0
Cyprus,2012,1156556.0
Cyprus,2013,1166968.0
Cyprus,2014,1176995.0
Cyprus,2015,1187280.0
Cyprus,2016,1197881.0
Cyprus,2017,1208523.0
Cyprus,2018,1218831.0
Cyprus,2019,1228836.0
Cyprus,2020,1237537.0
Cyprus,2021,1244188.0
Cyprus,2022,1251488.0
Ecuador,1980,8135845.0
Ecuador,1981,8352602.0
Ecuador,1982,8572607.0
Ecuador,1983,8795873.0
Ecuador,1984,9022979.0
Ecuador,1985,9254311.0
Ecuador,1986,9490096.0
Ecuador,1987,9729376.0
Ecuador,1988,9969788.0
Ecuador,1989,10210185.0
Ecuador,1990,10449837.0
Ecuador,1991,10686279.0
Ecuador,1992,10914222.0
Ecuador,1993,11132829.0
Ecuador,1994,11347652.0
Ecuador,1995,11561683.0
Ecuador,1996,11775221.0
Ecuador,1997,11987838.0
Ecuador,1998,12199693.0
Ecuador,1999,12412046.0
Ecuador,2000,12626507.0
Ecuador,2001,12845521.0
Ecuador,2002,13070609.0
Ecuador,2003,13301184.0
Ecuador,2004,13534593.0
Ecuador,2005,13770012.0
Ecuador,2006,14009061.0
Ecuador,2007,14251835.0
Ecuador,2008,14496797.0
Ecuador,2009,14742766.0
Ecuador,2010,14989585.0
Ecuador,2011,15237728.0
Ecuador,2012,15483883.0
Ecuador,2013,15722989.0
Ecuador,2014,15957994.0
Ecuador,2015,16195902.0
Ecuador,2016,16439585.0
Ecuador,2017,16696944.0
Ecuador,2018,17015672.0
Ecuador,2019,17343740.0
Ecuador,2020,17588595.0
Ecuador,2021,17797737.0
Ecuador,2022,18001000.0
Belarus,1980,9643000.0
Belarus,1981,9710000.0
Belarus,1982,9776000.0
Belarus,1983,9843000.0
Belarus,1984,9910000.0
Belarus,1985,9975000.0
Belarus,1986,10043000.0
Belarus,1987,10111000.0
Belarus,1988,10140000.0
Belarus,1989,10170000.0
Belarus,1990,10189348.0
Belarus,1991,10194050.0
Belarus,1992,10216470.0
Belarus,1993,10239050.0
Belarus,1994,10226955.0
Belarus,1995,10193831.0
Belarus,1996,10159569.0
Belarus,1997,10117433.0
Belarus,1998,10071963.0
Belarus,1999,10026738.0
Belarus,2000,9979610.0
Belarus,2001,9928549.0
Belarus,2002,9865548.0
Belarus,2003,9796749.0
Belarus,2004,9730146.0
Belarus,2005,9663915.0
Belarus,2006,9604924.0
Belarus,2007,9560953.0
Belarus,2008,9527985.0
Belarus,2009,9504583.0
Belarus,2010,9483836.0
Belarus,2011,9461643.0
Belarus,2012,9446836.0
Belarus,2013,9443211.0
Belarus,2014,9448515.0
Belarus,2015,9461076.0
Belarus,2016,9469379.0
Belarus,2017,9458989.0
Belarus,2018,9438785.0
Belarus,2019,9419758.0
Belarus,2020,9379952.0
Belarus,2021,9302585.0
Belarus,2022,9208701.0
Austria,1980,7549433.0
Austria,1981,7568710.0
Austria,1982,7574140.0
Austria,1983,7561910.0
Austria,1984,7561434.0
Austria,1985,7564985.0
Austria,1986,7569794.0
Austria,1987,7574586.0
Austria,1988,7585317.0
Austria,1989,7619567.0
Austria,1990,7677850.0
Austria,1991,7754891.0
Austria,1992,7840709.0
Austria,1993,7905633.0
Austria,1994,7936118.0
Austria,1995,7948278.0
Austria,1996,7959017.0
Austria,1997,7968041.0
Austria,1998,7976789.0
Austria,1999,7992324.0
Austria,2000,8011566.0
Austria,2001,8042293.0
Austria,2002,8081957.0
Austria,2003,8121423.0
Austria,2004,8171966.0
Austria,2005,8227829.0
Austria,2006,8268641.0
Austria,2007,8295487.0
Austria,2008,8321496.0
Austria,2009,8343323.0
Austria,2010,8363404.0
Austria,2011,8391643.0
Austria,2012,8429991.0
Austria,2013,8479823.0
Austria,2014,8546356.0
Austria,2015,8642699.0
Austria,2016,8736668.0
Austria,2017,8797566.0
Austria,2018,8840521.0
Austria,2019,8879920.0
Austria,2020,8916864.0
Austria,2021,8955797.0
Austria,2022,9042528.0
Thailand,1980,45737753.0
Thailand,1981,46727292.0
Thailand,1982,47700340.0
Thailand,1983,48670565.0
Thailand,1984,49636724.0
Thailand,1985,50594940.0
Thailand,1986,51542094.0
Thailand,1987,52479181.0
Thailand,1988,53410965.0
Thailand,1989,54324004.0
Thailand,1990,55228410.0
Thailand,1991,56099865.0
Thailand,1992,56939020.0
Thailand,1993,57776082.0
Thailand,1994,58610010.0
Thailand,1995,59424834.0
Thailand,1996,60211096.0
Thailand,1997,60989108.0
Thailand,1998,61745217.0
Thailand,1999,62442651.0
Thailand,2000,63066603.0
Thailand,2001,63649892.0
Thailand,2002,64222580.0
Thailand,2003,64776956.0
Thailand,2004,65311166.0
Thailand,2005,65821360.0
Thailand,2006,66319525.0
Thailand,2007,66826754.0
Thailand,2008,67328239.0
Thailand,2009,67813654.0
Thailand,2010,68270489.0
Thailand,2011,68712846.0
Thailand,2012,69157023.0
Thailand,2013,69578602.0
Thailand,2014,69960943.0
Thailand,2015,70294397.0
Thailand,2016,70607037.0
Thailand,2017,70898202.0
Thailand,2018,71127802.0
Thailand,2019,71307763.0
Thailand,2020,71475664.0
Thailand,2021,71601103.0
Thailand,2022,71697030.0
Nigeria,1980,72951439.0
Nigeria,1981,75175387.0
Nigeria,1982,77388067.0
Nigeria,1983,79351586.0
Nigeria,1984,81337553.0
Nigeria,1985,83585251.0
Nigeria,1986,85804185.0
Nigeria,1987,88044187.0
Nigeria,1988,90351467.0
Nigeria,1989,92744064.0
Nigeria,1990,95214257.0
Nigeria,1991,97685360.0
Nigeria,1992,100182045.0
Nigeria,1993,102775465.0
Nigeria,1994,105456121.0
Nigeria,1995,108187610.0
Nigeria,1996,110956183.0
Nigeria,1997,113791181.0
Nigeria,1998,116690527.0
Nigeria,1999,119695565.0
Nigeria,2000,122851984.0
Nigeria,2001,126152678.0
Nigeria,2002,129583026.0
Nigeria,2003,133119801.0
Nigeria,2004,136756848.0
Nigeria,2005,140490722.0
Nigeria,2006,144329764.0
Nigeria,2007,148294028.0
Nigeria,2008,152382506.0
Nigeria,2009,156595758.0
Nigeria,2010,160952853.0
Nigeria,2011,165463745.0
Nigeria,2012,170075932.0
Nigeria,2013,174726123.0
Nigeria,2014,179379016.0
Nigeria,2015,183995785.0
Nigeria,2016,188666931.0
Nigeria,2017,193495907.0
Nigeria,2018,198387623.0
Nigeria,2019,203304492.0
Nigeria,2020,208327405.0
Nigeria,2021,213401323.0
Nigeria,2022,218541212.0
Angola,1980,8330047.0
Angola,1981,8631457.0
Angola,1982,8947152.0
Angola,1983,9276707.0
Angola,1984,9617702.0
Angola,1985,9970621.0
Angola,1986,10332574.0
Angola,1987,10694057.0
Angola,1988,11060261.0
Angola,1989,11439498.0
Angola,1990,11828638.0
Angola,1991,12228691.0
Angola,1992,12632507.0
Angola,1993,13038270.0
Angola,1994,13462031.0
Angola,1995,13912253.0
Angola,1996,14383350.0
Angola,1997,14871146.0
Angola,1998,15366864.0
Angola,1999,15870753.0
Angola,2000,16394062.0
Angola,2001,16941587.0
Angola,2002,17516139.0
Angola,2003,18124342.0
Angola,2004,18771125.0
Angola,2005,19450959.0
Angola,2006,20162340.0
Angola,2007,20909684.0
Angola,2008,21691522.0
Angola,2009,22507674.0
Angola,2010,23364185.0
Angola,2011,24259111.0
Angola,2012,25188292.0
Angola,2013,26147002.0
Angola,2014,27128337.0
Angola,2015,28127721.0
Angola,2016,29154746.0
Angola,2017,30208628.0
Angola,2018,31273533.0
Angola,2019,32353588.0
Angola,2020,33428486.0
Angola,2021,34503774.0
Angola,2022,35588987.0
Uzbekistan,1980,15947129.0
Uzbekistan,1981,16335642.0
Uzbekistan,1982,16735643.0
Uzbekistan,1983,17152857.0
Uzbekistan,1984,17594364.0
Uzbekistan,1985,18063201.0
Uzbekistan,1986,18560008.0
Uzbekistan,1987,19077170.0
Uzbekistan,1988,19600028.0
Uzbekistan,1989,20102902.0
Uzbekistan,1990,20510000.0
Uzbekistan,1991,20952000.0
Uzbekistan,1992,21449000.0
Uzbekistan,1993,21942000.0
Uzbekistan,1994,22377000.0
Uzbekistan,1995,22785000.0
Uzbekistan,1996,23225000.0
Uzbekistan,1997,23667000.0
Uzbekistan,1998,24051000.0
Uzbekistan,1999,24311650.0
Uzbekistan,2000,24650400.0
Uzbekistan,2001,24964450.0
Uzbekistan,2002,25271850.0
Uzbekistan,2003,25567650.0
Uzbekistan,2004,25864350.0
Uzbekistan,2005,26167000.0
Uzbekistan,2006,26488250.0
Uzbekistan,2007,26868000.0
Uzbekistan,2008,27302800.0
Uzbekistan,2009,27767400.0
Uzbekistan,2010,28562400.0
Uzbekistan,2011,29339400.0
Uzbekistan,2012,29774500.0
Uzbekistan,2013,30243200.0
Uzbekistan,2014,30757700.0
Uzbekistan,2015,31298900.0
Uzbekistan,2016,31847900.0
Uzbekistan,2017,32388600.0
Uzbekistan,2018,32956100.0
Uzbekistan,2019,33580350.0
Uzbekistan,2020,34232050.0
Uzbekistan,2021,34915100.0
Uzbekistan,2022,35648100.0
Netherlands,1980,14149800.0
Netherlands,1981,14247208.0
Netherlands,1982,14312690.0
Netherlands,1983,14367070.0
Netherlands,1984,14424211.0
Netherlands,1985,14491632.0
Netherlands,1986,14572278.0
Netherlands,1987,14665037.0
Netherlands,1988,14760094.0
Netherlands,1989,14848907.0
Netherlands,1990,14951510.0
Netherlands,1991,15069798.0
Netherlands,1992,15184166.0
Netherlands,1993,15290368.0
Netherlands,1994,15382838.0
Netherlands,1995,15459006.0
Netherlands,1996,15530498.0
Netherlands,1997,15610650.0
Netherlands,1998,15707209.0
Netherlands,1999,15812088.0
Netherlands,2000,15925513.0
Netherlands,2001,16046180.0
Netherlands,2002,16148929.0
Netherlands,2003,16225302.0
Netherlands,2004,16281779.0
Netherlands,2005,16319868.0
Netherlands,2006,16346101.0
Netherlands,2007,16381696.0
Netherlands,2008,16445593.0
Netherlands,2009,16530388.0
Netherlands,2010,16615394.0
Netherlands,2011,16693074.0
Netherlands,2012,16754962.0
Netherlands,2013,16804432.0
Netherlands,2014,16865008.0
Netherlands,2015,16939923.0
Netherlands,2016,17030314.0
Netherlands,2017,17131296.0
Netherlands,2018,17231624.0
Netherlands,2019,17344874.0
Netherlands,2020,17441500.0
Netherlands,2021,17533044.0
Netherlands,2022,17703090.0
India,1980,696828385.0
India,1981,712869298.0
India,1982,729169466.0
India,1983,745826546.0
India,1984,762895156.0
India,1985,780242084.0
India,1986,797878993.0
India,1987,815716125.0
India,1988,833729681.0
India,1989,852012673.0
India,1990,870452165.0
India,1991,888941756.0
India,1992,907574049.0
India,1993,926351297.0
India,1994,945261958.0
India,1995,964279129.0
India,1996,983281218.0
India,1997,1002335230.0
India,1998,1021434576.0
India,1999,1040500054.0
India,2000,1059633675.0
India,2001,1078970907.0
India,2002,1098313039.0
India,2003,1117415123.0
India,2004,1136264583.0
India,2005,1154638713.0
India,2006,1172373788.0
India,2007,1189691809.0
India,2008,1206734806.0
India,2009,1223640160.0
India,2010,1240613620.0
India,2011,1257621191.0
India,2012,1274487215.0
India,2013,1291132063.0
India,2014,1307246509.0
India,2015,1322866505.0
India,2016,1338636340.0
India,2017,1354195680.0
India,2018,1369003306.0
India,2019,1383112050.0
India,2020,1396387127.0
India,2021,1407563842.0
India,2022,1417173173.0
United Kingdom,1980,56314216.0
United Kingdom,1981,56333829.0
United Kingdom,1982,56313641.0
United Kingdom,1983,56332848.0
United Kingdom,1984,56422072.0
United Kingdom,1985,56550268.0
United Kingdom,1986,56681396.0
United Kingdom,1987,56802050.0
United Kingdom,1988,56928327.0
United Kingdom,1989,57076711.0
United Kingdom,1990,57247586.0
United Kingdom,1991,57424897.0
United Kingdom,1992,57580402.0
United Kingdom,1993,57718614.0
United Kingdom,1994,57865745.0
United Kingdom,1995,58019030.0
United Kingdom,1996,58166950.0
United Kingdom,1997,58316954.0
United Kingdom,1998,58487141.0
United Kingdom,1999,58682466.0
United Kingdom,2000,58892514.0
United Kingdom,2001,59119673.0
United Kingdom,2002,59370479.0
United Kingdom,2003,59647577.0
United Kingdom,2004,59987905.0
United Kingdom,2005,60401206.0
United Kingdom,2006,60846820.0
United Kingdom,2007,61322463.0
United Kingdom,2008,61806995.0
United Kingdom,2009,62276270.0
United Kingdom,2010,62766365.0
United Kingdom,2011,63258810.0
United Kingdom,2012,63700215.0
United Kingdom,2013,64128273.0
United Kingdom,2014,64602298.0
United Kingdom,2015,65116219.0
United Kingdom,2016,65611593.0
United Kingdom,2017,66058859.0
United Kingdom,2018,66460344.0
United Kingdom,2019,66836327.0
United Kingdom,2020,67081234.0
United Kingdom,2021,67026300.0
United Kingdom,2022,66971411.0
Belgium,1980,9859242.0
Belgium,1981,9858982.0
Belgium,1982,9856303.0
Belgium,1983,9855520.0
Belgium,1984,9855372.0
Belgium,1985,9858308.0
Belgium,1986,9861823.0
Belgium,1987,9870234.0
Belgium,1988,9901664.0
Belgium,1989,9937697.0
Belgium,1990,9967379.0
Belgium,1991,10004486.0
Belgium,1992,10045158.0
Belgium,1993,10084475.0
Belgium,1994,10115603.0
Belgium,1995,10136811.0
Belgium,1996,10156637.0
Belgium,1997,10181245.0
Belgium,1998,10203008.0
Belgium,1999,10226419.0
Belgium,2000,10251250.0
Belgium,2001,10286570.0
Belgium,2002,10332785.0
Belgium,2003,10376133.0
Belgium,2004,10421137.0
Belgium,2005,10478617.0
Belgium,2006,10547958.0
Belgium,2007,10625700.0
Belgium,2008,10709973.0
Belgium,2009,10796493.0
Belgium,2010,10895586.0
Belgium,2011,11038264.0
Belgium,2012,11106932.0
Belgium,2013,11159407.0
Belgium,2014,11209057.0
Belgium,2015,11274196.0
Belgium,2016,11331422.0
Belgium,2017,11375158.0
Belgium,2018,11427054.0
Belgium,2019,11488980.0
Belgium,2020,11538604.0
Belgium,2021,11592952.0
Belgium,2022,11669446.0
Ukraine,1980,49973920.0
Ukraine,1981,50221000.0
Ukraine,1982,50384000.0
Ukraine,1983,50564000.0
Ukraine,1984,50754000.0
Ukraine,1985,50917000.0
Ukraine,1986,51097000.0
Ukraine,1987,51293000.0
Ukraine,1988,51521000.0
Ukraine,1989,51773000.0
Ukraine,1990,51891400.0
Ukraine,1991,52000500.0
Ukraine,1992,52150400.0
Ukraine,1993,52179200.0
Ukraine,1994,51921400.0
Ukraine,1995,51512800.0
Ukraine,1996,51057800.0
Ukraine,1997,50594600.0
Ukraine,1998,50144500.0
Ukraine,1999,49674000.0
Ukraine,2000,49176500.0
Ukraine,2001,48662400.0
Ukraine,2002,48202470.0
Ukraine,2003,47812949.0
Ukraine,2004,47451626.0
Ukraine,2005,47105171.0
Ukraine,2006,46787786.0
Ukraine,2007,46509355.0
Ukraine,2008,46258189.0
Ukraine,2009,46053331.0
Ukraine,2010,45870741.0
Ukraine,2011,45706086.0
Ukraine,2012,45593342.0
Ukraine,2013,45489648.0
Ukraine,2014,45272155.0
Ukraine,2015,45154036.0
Ukraine,2016,45004673.0
Ukraine,2017,44831135.0
Ukraine,2018,44622518.0
Ukraine,2019,44386203.0
Ukraine,2020,44132049.0
Ukraine,2021,43792855.0
Ukraine,2022,38000000.0
Portugal,1980,9766312.0
Portugal,1981,9851362.0
Portugal,1982,9911771.0
Portugal,1983,9957865.0
Portugal,1984,9996232.0
Portugal,1985,10023613.0
Portugal,1986,10032734.0
Portugal,1987,10030031.0
Portugal,1988,10019610.0
Portugal,1989,10005000.0
Portugal,1990,9983218.0
Portugal,1991,9960235.0
Portugal,1992,9952494.0
Portugal,1993,9964675.0
Portugal,1994,9991525.0
Portugal,1995,10026176.0
Portugal,1996,10063945.0
Portugal,1997,10108977.0
Portugal,1998,10160196.0
Portugal,1999,10217828.0
Portugal,2000,10289898.0
Portugal,2001,10362722.0
Portugal,2002,10419631.0
Portugal,2003,10458821.0
Portugal,2004,10483861.0
Portugal,2005,10503330.0
Portugal,2006,10522288.0
Portugal,2007,10542964.0
Portugal,2008,10558177.0
Portugal,2009,10568247.0
Portugal,2010,10573100.0
Portugal,2011,10557560.0
Portugal,2012,10514844.0
Portugal,2013,10457295.0
Portugal,2014,10401062.0
Portugal,2015,10358076.0
Portugal,2016,10325452.0
Portugal,2017,10300300.0
Portugal,2018,10283822.0
Portugal,2019,10286263.0
Portugal,2020,10297081.0
Portugal,2021,10325147.0
Portugal,2022,10379007.0
Indonesia,1980,148177096.0
Indonesia,1981,151686337.0
Indonesia,1982,155228658.0
Indonesia,1983,158790611.0
Indonesia,1984,162331962.0
Indonesia,1985,165791694.0
Indonesia,1986,169135273.0
Indonesia,1987,172421390.0
Indonesia,1988,175694647.0
Indonesia,1989,178949174.0
Indonesia,1990,182159874.0
Indonesia,1991,185361228.0
Indonesia,1992,188558416.0
Indonesia,1993,191737287.0
Indonesia,1994,194928533.0
Indonesia,1995,198140162.0
Indonesia,1996,201373791.0
Indonesia,1997,204628007.0
Indonesia,1998,207855486.0
Indonesia,1999,210996910.0
Indonesia,2000,214072421.0
Indonesia,2001,217112437.0
Indonesia,2002,220115092.0
Indonesia,2003,223080121.0
Indonesia,2004,225938595.0
Indonesia,2005,228805144.0
Indonesia,2006,231797427.0
Indonesia,2007,234858289.0
Indonesia,2008,237936543.0
Indonesia,2009,240981299.0
Indonesia,2010,244016173.0
Indonesia,2011,247099697.0
Indonesia,2012,250222695.0
Indonesia,2013,253275918.0
Indonesia,2014,256229761.0
Indonesia,2015,259091970.0
Indonesia,2016,261850182.0
Indonesia,2017,264498852.0
Indonesia,2018,267066843.0
Indonesia,2019,269582878.0
Indonesia,2020,271857970.0
Indonesia,2021,273753191.0
Indonesia,2022,275501339.0
Luxembourg,1980,364150.0
Luxembourg,1981,365225.0
Luxembourg,1982,365525.0
Luxembourg,1983,365622.0
Luxembourg,1984,365998.0
Luxembourg,1985,366706.0
Luxembourg,1986,368355.0
Luxembourg,1987,370750.0
Luxembourg,1988,373450.0
Luxembourg,1989,377100.0
Luxembourg,1990,381850.0
Luxembourg,1991,387000.0
Luxembourg,1992,392175.0
Luxembourg,1993,397475.0
Luxembourg,1994,402925.0
Luxembourg,1995,408625.0
Luxembourg,1996,414225.0
Luxembourg,1997,419450.0
Luxembourg,1998,424700.0
Luxembourg,1999,430475.0
Luxembourg,2000,436300.0
Luxembourg,2001,441525.0
Luxembourg,2002,446175.0
Luxembourg,2003,451630.0
Luxembourg,2004,458095.0
Luxembourg,2005,465158.0
Luxembourg,2006,472637.0
Luxembourg,2007,479993.0
Luxembourg,2008,488650.0
Luxembourg,2009,497783.0
Luxembourg,2010,506953.0
Luxembourg,2011,518347.0
Luxembourg,2012,530946.0
Luxembourg,2013,543360.0
Luxembourg,2014,556319.0
Luxembourg,2015,569604.0
Luxembourg,2016,582014.0
Luxembourg,2017,596336.0
Luxembourg,2018,607950.0
Luxembourg,2019,620001.0
Luxembourg,2020,630419.0
Luxembourg,2021,640064.0
Luxembourg,2022,650774.0
France,1980,55052582.0
France,1981,55371044.0
France,1982,55694106.0
France,1983,55992656.0
France,1984,56275701.0
France,1985,56569195.0
France,1986,56865193.0
France,1987,57168409.0
France,1988,57472651.0
France,1989,57766282.0
France,1990,58044701.0
France,1991,58557577.0
France,1992,58849943.0
France,1993,59106166.0
France,1994,59327585.0
France,1995,59543659.0
France,1996,59756533.0
France,1997,59969944.0
France,1998,60192790.0
France,1999,60504420.0
France,2000,60921384.0
France,2001,61367388.0
France,2002,61816234.0
France,2003,62256970.0
France,2004,62716306.0
France,2005,63188395.0
France,2006,63628261.0
France,2007,64021737.0
France,2008,64379696.0
France,2009,64710879.0
France,2010,65030575.0
France,2011,65345233.0
France,2012,65662240.0
France,2013,66002289.0
France,2014,66312067.0
France,2015,66548272.0
France,2016,66724104.0
France,2017,66918020.0
France,2018,67158348.0
France,2019,67388001.0
France,2020,67571107.0
France,2021,67749632.0
France,2022,67935660.0
Switzerland,1980,6319408.0
Switzerland,1981,6354074.0
Switzerland,1982,6391309.0
Switzerland,1983,6418773.0
Switzerland,1984,6441865.0
Switzerland,1985,6470365.0
Switzerland,1986,6504124.0
Switzerland,1987,6545106.0
Switzerland,1988,6593386.0
Switzerland,1989,6646912.0
Switzerland,1990,6715519.0
Switzerland,1991,6799978.0
Switzerland,1992,6875364.0
Switzerland,1993,6938265.0
Switzerland,1994,6993795.0
Switzerland,1995,7040687.0
Switzerland,1996,7071850.0
Switzerland,1997,7088906.0
Switzerland,1998,7110001.0
Switzerland,1999,7143991.0
Switzerland,2000,7184250.0
Switzerland,2001,7229854.0
Switzerland,2002,7284753.0
Switzerland,2003,7339001.0
Switzerland,2004,7389625.0
Switzerland,2005,7437115.0
Switzerland,2006,7483934.0
Switzerland,2007,7551117.0
Switzerland,2008,7647675.0
Switzerland,2009,7743831.0
Switzerland,2010,7824909.0
Switzerland,2011,7912398.0
Switzerland,2012,7996861.0
Switzerland,2013,8089346.0
Switzerland,2014,8188649.0
Switzerland,2015,8282396.0
Switzerland,2016,8373338.0
Switzerland,2017,8451840.0
Switzerland,2018,8514329.0
Switzerland,2019,8575280.0
Switzerland,2020,8638167.0
Switzerland,2021,8703405.0
Switzerland,2022,8769741.0
Libya,1980,2962720.0
Libya,1981,3112015.0
Libya,1982,3265457.0
Libya,1983,3423592.0
Libya,1984,3564547.0
Libya,1985,3684313.0
Libya,1986,3800110.0
Libya,1987,3911939.0
Libya,1988,4021565.0
Libya,1989,4130042.0
Libya,1990,4236983.0
Libya,1991,4341971.0
Libya,1992,4444820.0
Libya,1993,4544970.0
Libya,1994,4641296.0
Libya,1995,4733063.0
Libya,1996,4820066.0
Libya,1997,4902346.0
Libya,1998,4980962.0
Libya,1999,5057998.0
Libya,2000,5154790.0
Libya,2001,5275916.0
Libya,2002,5405326.0
Libya,2003,5542641.0
Libya,2004,5687563.0
Libya,2005,5837986.0
Libya,2006,5973369.0
Libya,2007,6097177.0
Libya,2008,6228370.0
Libya,2009,6360191.0
Libya,2010,6491988.0
Libya,2011,6188132.0
Libya,2012,5869870.0
Libya,2013,5985221.0
Libya,2014,6097764.0
Libya,2015,6192235.0
Libya,2016,6282196.0
Libya,2017,6378261.0
Libya,2018,6477793.0
Libya,2019,6569088.0
Libya,2020,6653942.0
Libya,2021,6735277.0
Libya,2022,6812341.0
Qatar,1980,277450.0
Qatar,1981,294887.0
Qatar,1982,312608.0
Qatar,1983,330454.0
Qatar,1984,348241.0
Qatar,1985,365868.0
Qatar,1986,382328.0
Qatar,1987,397391.0
Qatar,1988,412142.0
Qatar,1989,426896.0
Qatar,1990,441675.0
Qatar,1991,456486.0
Qatar,1992,471293.0
Qatar,1993,486041.0
Qatar,1994,500683.0
Qatar,1995,515133.0
Qatar,1996,529265.0
Qatar,1997,550591.0
Qatar,1998,580997.0
Qatar,1999,613302.0
Qatar,2000,645937.0
Qatar,2001,678831.0
Qatar,2002,713186.0
Qatar,2003,748525.0
Qatar,2004,777943.0
Qatar,2005,848710.0
Qatar,2006,1015060.0
Qatar,2007,1231893.0
Qatar,2008,1444277.0
Qatar,2009,1610274.0
Qatar,2010,1713504.0
Qatar,2011,1804171.0
Qatar,2012,1905660.0
Qatar,2013,2035501.0
Qatar,2014,2214465.0
Qatar,2015,2414573.0
Qatar,2016,2595166.0
Qatar,2017,2711755.0
Qatar,2018,2766732.0
Qatar,2019,2807235.0
Qatar,2020,2760385.0
Qatar,2021,2688235.0
Qatar,2022,2695122.0
Turkiye,1980,44089069.0
Turkiye,1981,44981877.0
Turkiye,1982,45949991.0
Turkiye,1983,47026425.0
Turkiye,1984,48106764.0
Turkiye,1985,49175673.0
Turkiye,1986,50223885.0
Turkiye,1987,51250152.0
Turkiye,1988,52275890.0
Turkiye,1989,53305234.0
Turkiye,1990,54324142.0
Turkiye,1991,55321172.0
Turkiye,1992,56302037.0
Turkiye,1993,57296008.0
Turkiye,1994,58310245.0
Turkiye,1995,59305490.0
Turkiye,1996,60293786.0
Turkiye,1997,61277426.0
Turkiye,1998,62242204.0
Turkiye,1999,63185615.0
Turkiye,2000,64113547.0
Turkiye,2001,65072018.0
Turkiye,2002,65988663.0
Turkiye,2003,66867327.0
Turkiye,2004,67785075.0
Turkiye,2005,68704715.0
Turkiye,2006,69601333.0
Turkiye,2007,70468869.0
Turkiye,2008,71320726.0
Turkiye,2009,72225639.0
Turkiye,2010,73195345.0
Turkiye,2011,74173854.0
Turkiye,2012,75277439.0
Turkiye,2013,76576117.0
Turkiye,2014,78112073.0
Turkiye,2015,79646178.0
Turkiye,2016,81019394.0
Turkiye,2017,82089826.0
Turkiye,2018,82809304.0
Turkiye,2019,83481684.0
Turkiye,2020,84135428.0
Turkiye,2021,84775404.0
Turkiye,2022,85341241.0
New Zealand,1980,3112900.0
New Zealand,1981,3124900.0
New Zealand,1982,3156100.0
New Zealand,1983,3199300.0
New Zealand,1984,3227100.0
New Zealand,1985,3247100.0
New Zealand,1986,3246300.0
New Zealand,1987,3274400.0
New Zealand,1988,3283400.0
New Zealand,1989,3299200.0
New Zealand,1990,3329800.0
New Zealand,1991,3495100.0
New Zealand,1992,3531700.0
New Zealand,1993,3572200.0
New Zealand,1994,3620000.0
New Zealand,1995,3673400.0
New Zealand,1996,3732000.0
New Zealand,1997,3781300.0
New Zealand,1998,3815000.0
New Zealand,1999,3835100.0
New Zealand,2000,3857700.0
New Zealand,2001,3880500.0
New Zealand,2002,3948500.0
New Zealand,2003,4027200.0
New Zealand,2004,4087500.0
New Zealand,2005,4133900.0
New Zealand,2006,4184600.0
New Zealand,2007,4223800.0
New Zealand,2008,4259800.0
New Zealand,2009,4302600.0
New Zealand,2010,4350700.0
New Zealand,2011,4384000.0
New Zealand,2012,4408100.0
New Zealand,2013,4442100.0
New Zealand,2014,4516500.0
New Zealand,2015,4609400.0
New Zealand,2016,4714100.0
New Zealand,2017,4813600.0
New Zealand,2018,4900600.0
New Zealand,2019,4979200.0
New Zealand,2020,5090200.0
New Zealand,2021,5111400.0
New Zealand,2022,5124100.0
Italy,1980,56433883.0
Italy,1981,56501675.0
Italy,1982,56543548.0
Italy,1983,56564074.0
Italy,1984,56576718.0
Italy,1985,56593071.0
Italy,1986,56596155.0
Italy,1987,56601931.0
Italy,1988,56629288.0
Italy,1989,56671781.0
Italy,1990,56719240.0
Italy,1991,56758521.0
Italy,1992,56797087.0
Italy,1993,56831821.0
Italy,1994,56843400.0
Italy,1995,56844303.0
Italy,1996,56860281.0
Italy,1997,56890372.0
Italy,1998,56906744.0
Italy,1999,56916317.0
Italy,2000,56942108.0
Italy,2001,56974100.0
Italy,2002,57059007.0
Italy,2003,57313203.0
Italy,2004,57685327.0
Italy,2005,57969484.0
Italy,2006,58143979.0
Italy,2007,58438310.0
Italy,2008,58826731.0
Italy,2009,59095365.0
Italy,2010,59277417.0
Italy,2011,59379449.0
Italy,2012,59539717.0
Italy,2013,60233948.0
Italy,2014,60789140.0
Italy,2015,60730582.0
Italy,2016,60627498.0
Italy,2017,60536709.0
Italy,2018,60421760.0
Italy,2019,59729081.0
Italy,2020,59438851.0
Italy,2021,59109668.0
Italy,2022,58856847.0
Oman,1980,1017462.0
Oman,1981,1075624.0
Oman,1982,1138301.0
Oman,1983,1204626.0
Oman,1984,1273306.0
Oman,1985,1353289.0
Oman,1986,1443446.0
Oman,1987,1533351.0
Oman,1988,1623433.0
Oman,1989,1713838.0
Oman,1990,1804524.0
Oman,1991,1895187.0
Oman,1992,1985227.0
Oman,1993,2071868.0
Oman,1994,2133675.0
Oman,1995,2172672.0
Oman,1996,2209958.0
Oman,1997,2245588.0
Oman,1998,2279727.0
Oman,1999,2312600.0
Oman,2000,2344253.0
Oman,2001,2374653.0
Oman,2002,2403659.0
Oman,2003,2431600.0
Oman,2004,2468855.0
Oman,2005,2515192.0
Oman,2006,2560649.0
Oman,2007,2605700.0
Oman,2008,2651028.0
Oman,2009,2697537.0
Oman,2010,2881914.0
Oman,2011,3206870.0
Oman,2012,3535579.0
Oman,2013,3816680.0
Oman,2014,4009267.0
Oman,2015,4191776.0
Oman,2016,4398070.0
Oman,2017,4541854.0
Oman,2018,4601157.0
Oman,2019,4602768.0
Oman,2020,4543399.0
Oman,2021,4520471.0
Oman,2022,4576298.0
Australia,1980,14692000.0
Australia,1981,14923260.0
Australia,1982,15184247.0
Australia,1983,15393472.0
Australia,1984,15579391.0
Australia,1985,15788312.0
Australia,1986,16018350.0
Australia,1987,16263874.0
Australia,1988,16532164.0
Australia,1989,16814416.0
Australia,1990,17065128.0
Australia,1991,17284036.0
Australia,1992,17478635.0
Australia,1993,17634808.0
Australia,1994,17805468.0
Australia,1995,18004882.0
Australia,1996,18224767.0
Australia,1997,18423037.0
Australia,1998,18607584.0
Australia,1999,18812264.0
Australia,2000,19028802.0
Australia,2001,19274701.0
Australia,2002,19495210.0
Australia,2003,19720737.0
Australia,2004,19932722.0
Australia,2005,20176844.0
Australia,2006,20450966.0
Australia,2007,20827622.0
Australia,2008,21249199.0
Australia,2009,21691653.0
Australia,2010,22031750.0
Australia,2011,22340024.0
Australia,2012,22733465.0
Australia,2013,23128129.0
Australia,2014,23475686.0
Australia,2015,23815995.0
Australia,2016,24190907.0
Australia,2017,24594202.0
Australia,2018,24966643.0
Australia,2019,25340217.0
Australia,2020,25655289.0
Australia,2021,25688079.0
Australia,2022,25978935.0
Iraq,1980,13653369.0
Iraq,1981,14067260.0
Iraq,1982,14467682.0
Iraq,1983,14903737.0
Iraq,1984,15377032.0
Iraq,1985,15753856.0
Iraq,1986,16148221.0
Iraq,1987,16598019.0
Iraq,1988,16987346.0
Iraq,1989,17442590.0
Iraq,1990,17658381.0
Iraq,1991,17846378.0
Iraq,1992,18385673.0
Iraq,1993,19295818.0
Iraq,1994,20248073.0
Iraq,1995,20948858.0
Iraq,1996,21639332.0
Iraq,1997,22330770.0
Iraq,1998,23053488.0
Iraq,1999,23820734.0
Iraq,2000,24628858.0
Iraq,2001,25425663.0
Iraq,2002,26255343.0
Iraq,2003,27068823.0
Iraq,2004,27858948.0
Iraq,2005,28698684.0
Iraq,2006,28905607.0
Iraq,2007,28660887.0
Iraq,2008,29218381.0
Iraq,2009,30289040.0
Iraq,2010,31264875.0
Iraq,2011,32378061.0
Iraq,2012,33864447.0
Iraq,2013,35481800.0
Iraq,2014,36746488.0
Iraq,2015,37757813.0
Iraq,2016,38697943.0
Iraq,2017,39621162.0
Iraq,2018,40590700.0
Iraq,2019,41563520.0
Iraq,2020,42556984.0
Iraq,2021,43533592.0
Iraq,2022,44496122.0
Germany,1980,78288576.0
Germany,1981,78407907.0
Germany,1982,78333366.0
Germany,1983,78128282.0
Germany,1984,77858685.0
Germany,1985,77684873.0
Germany,1986,77720436.0
Germany,1987,77839920.0
Germany,1988,78144619.0
Germany,1989,78751283.0
Germany,1990,79433029.0
Germany,1991,80013896.0
Germany,1992,80624598.0
Germany,1993,81156363.0
Germany,1994,81438348.0
Germany,1995,81678051.0
Germany,1996,81914831.0
Germany,1997,82034771.0
Germany,1998,82047195.0
Germany,1999,82100243.0
Germany,2000,82211508.0
Germany,2001,82349925.0
Germany,2002,82488495.0
Germany,2003,82534176.0
Germany,2004,82516260.0
Germany,2005,82469422.0
Germany,2006,82376451.0
Germany,2007,82266372.0
Germany,2008,82110097.0
Germany,2009,81902307.0
Germany,2010,81776930.0
Germany,2011,80274983.0
Germany,2012,80425823.0
Germany,2013,80645605.0
Germany,2014,80982500.0
Germany,2015,81686611.0
Germany,2016,82348669.0
Germany,2017,82657002.0
Germany,2018,82905782.0
Germany,2019,83092962.0
Germany,2020,83160871.0
Germany,2021,83196078.0
Germany,2022,84079811.0
Finland,1980,4779535.0
Finland,1981,4799964.0
Finland,1982,4826933.0
Finland,1983,4855787.0
Finland,1984,4881803.0
Finland,1985,4902206.0
Finland,1986,4918154.0
Finland,1987,4932123.0
Finland,1988,4946481.0
Finland,1989,4964371.0
Finland,1990,4986431.0
Finland,1991,5013740.0
Finland,1992,5041992.0
Finland,1993,5066447.0
Finland,1994,5088333.0
Finland,1995,5107790.0
Finland,1996,5124573.0
Finland,1997,5139835.0
Finland,1998,5153498.0
Finland,1999,5165474.0
Finland,2000,5176209.0
Finland,2001,5188008.0
Finland,2002,5200598.0
Finland,2003,5213014.0
Finland,2004,5228172.0
Finland,2005,5246096.0
Finland,2006,5266268.0
Finland,2007,5288720.0
Finland,2008,5313399.0
Finland,2009,5338871.0
Finland,2010,5363352.0
Finland,2011,5388272.0
Finland,2012,5413971.0
Finland,2013,5438972.0
Finland,2014,5461512.0
Finland,2015,5479531.0
Finland,2016,5495303.0
Finland,2017,5508214.0
Finland,2018,5515525.0
Finland,2019,5521606.0
Finland,2020,5529543.0
Finland,2021,5541017.0
Finland,2022,5556880.0
Chile,1980,11469828.0
Chile,1981,11637613.0
Chile,1982,11807408.0
Chile,1983,11976513.0
Chile,1984,12147758.0
Chile,1985,12326396.0
Chile,1986,12514502.0
Chile,1987,12712784.0
Chile,1988,12918389.0
Chile,1989,13128619.0
Chile,1990,13342868.0
Chile,1991,13561945.0
Chile,1992,13782297.0
Chile,1993,13998386.0
Chile,1994,14210674.0
Chile,1995,14416796.0
Chile,1996,14615483.0
Chile,1997,14809289.0
Chile,1998,14996742.0
Chile,1999,15176410.0
Chile,2000,15351799.0
Chile,2001,15523978.0
Chile,2002,15693790.0
Chile,2003,15859112.0
Chile,2004,16017966.0
Chile,2005,16175311.0
Chile,2006,16334575.0
Chile,2007,16495538.0
Chile,2008,16661462.0
Chile,2009,16833447.0
Chile,2010,17004162.0
Chile,2011,17173573.0
Chile,2012,17341771.0
Chile,2013,17509925.0
Chile,2014,17687108.0
Chile,2015,17870124.0
Chile,2016,18083879.0
Chile,2017,18368577.0
Chile,2018,18701450.0
Chile,2019,19039485.0
Chile,2020,19300315.0
Chile,2021,19493184.0
Chile,2022,19603733.0
Pakistan,1980,80624057.0
Pakistan,1981,84270202.0
Pakistan,1982,87828198.0
Pakistan,1983,91080372.0
Pakistan,1984,94003867.0
Pakistan,1985,97121552.0
Pakistan,1986,100618523.0
Pakistan,1987,104251093.0
Pakistan,1988,107967838.0
Pakistan,1989,111670386.0
Pakistan,1990,115414069.0
Pakistan,1991,119203569.0
Pakistan,1992,122375179.0
Pakistan,1993,125546615.0
Pakistan,1994,129245139.0
Pakistan,1995,133117476.0
Pakistan,1996,137234810.0
Pakistan,1997,141330267.0
Pakistan,1998,145476106.0
Pakistan,1999,149694462.0
Pakistan,2000,154369924.0
Pakistan,2001,159217727.0
Pakistan,2002,163262807.0
Pakistan,2003,166876680.0
Pakistan,2004,170648620.0
Pakistan,2005,174372098.0
Pakistan,2006,178069984.0
Pakistan,2007,181924521.0
Pakistan,2008,185931955.0
Pakistan,2009,190123222.0
Pakistan,2010,194454498.0
Pakistan,2011,198602738.0
Pakistan,2012,202205861.0
Pakistan,2013,205337562.0
Pakistan,2014,208251628.0
Pakistan,2015,210969298.0
Pakistan,2016,213524840.0
Pakistan,2017,216379655.0
Pakistan,2018,219731479.0
Pakistan,2019,223293280.0
Pakistan,2020,227196741.0
Pakistan,2021,231402117.0
Pakistan,2022,235824862.0
Bolivia,1980,5736088.0
Bolivia,1981,5862990.0
Bolivia,1982,5991118.0
Bolivia,1983,6120620.0
Bolivia,1984,6251926.0
Bolivia,1985,6385630.0
Bolivia,1986,6521983.0
Bolivia,1987,6661434.0
Bolivia,1988,6804072.0
Bolivia,1989,6949139.0
Bolivia,1990,7096194.0
Bolivia,1991,7244891.0
Bolivia,1992,7394419.0
Bolivia,1993,7544489.0
Bolivia,1994,7693722.0
Bolivia,1995,7841471.0
Bolivia,1996,7989367.0
Bolivia,1997,8137619.0
Bolivia,1998,8286928.0
Bolivia,1999,8439052.0
Bolivia,2000,8592656.0
Bolivia,2001,8746084.0
Bolivia,2002,8900583.0
Bolivia,2003,9057378.0
Bolivia,2004,9216279.0
Bolivia,2005,9377388.0
Bolivia,2006,9542663.0
Bolivia,2007,9711152.0
Bolivia,2008,9880593.0
Bolivia,2009,10051317.0
Bolivia,2010,10223270.0
Bolivia,2011,10396246.0
Bolivia,2012,10569697.0
Bolivia,2013,10743349.0
Bolivia,2014,10916987.0
Bolivia,2015,11090085.0
Bolivia,2016,11263015.0
Bolivia,2017,11435533.0
Bolivia,2018,11606905.0
Bolivia,2019,11777315.0
Bolivia,2020,11936162.0
Bolivia,2021,12079472.0
Bolivia,2022,12224110.0
Azerbaijan,1980,6160500.0
Azerbaijan,1981,6257750.0
Azerbaijan,1982,6357550.0
Azerbaijan,1983,6459800.0
Azerbaijan,1984,6567850.0
Azerbaijan,1985,6670150.0
Azerbaijan,1986,6770300.0
Azerbaijan,1987,6875350.0
Azerbaijan,1988,6974600.0
Azerbaijan,1989,7076550.0
Azerbaijan,1990,7175200.0
Azerbaijan,1991,7271300.0
Azerbaijan,1992,7382050.0
Azerbaijan,1993,7494800.0
Azerbaijan,1994,7596550.0
Azerbaijan,1995,7684850.0
Azerbaijan,1996,7763000.0
Azerbaijan,1997,7838250.0
Azerbaijan,1998,7913000.0
Azerbaijan,1999,7982750.0
Azerbaijan,2000,8048600.0
Azerbaijan,2001,8111200.0
Azerbaijan,2002,8171950.0
Azerbaijan,2003,8234100.0
Azerbaijan,2004,8306500.0
Azerbaijan,2005,8391850.0
Azerbaijan,2006,8484550.0
Azerbaijan,2007,8581300.0
Azerbaijan,2008,8763400.0
Azerbaijan,2009,8947243.0
Azerbaijan,2010,9054332.0
Azerbaijan,2011,9173082.0
Azerbaijan,2012,9295784.0
Azerbaijan,2013,9416801.0
Azerbaijan,2014,9535079.0
Azerbaijan,2015,9649341.0
Azerbaijan,2016,9757812.0
Azerbaijan,2017,9854033.0
Azerbaijan,2018,9939771.0
Azerbaijan,2019,10024283.0
Azerbaijan,2020,10093121.0
Azerbaijan,2021,10137750.0
Azerbaijan,2022,10175016.0
South Africa,1980,29463549.0
South Africa,1981,30232561.0
South Africa,1982,31022417.0
South Africa,1983,31865176.0
South Africa,1984,32768207.0
South Africa,1985,33752964.0
South Africa,1986,34877834.0
South Africa,1987,36119333.0
South Africa,1988,37393853.0
South Africa,1989,38668684.0
South Africa,1990,39877570.0
South Africa,1991,40910959.0
South Africa,1992,41760755.0
South Africa,1993,42525440.0
South Africa,1994,43267982.0
South Africa,1995,43986084.0
South Africa,1996,44661603.0
South Africa,1997,45285048.0
South Africa,1998,45852166.0
South Africa,1999,46364681.0
South Africa,2000,46813266.0
South Africa,2001,47229714.0
South Africa,2002,47661514.0
South Africa,2003,48104048.0
South Africa,2004,48556071.0
South Africa,2005,49017147.0
South Africa,2006,49491756.0
South Africa,2007,49996094.0
South Africa,2008,50565812.0
South Africa,2009,51170779.0
South Africa,2010,51784921.0
South Africa,2011,52443325.0
South Africa,2012,53145033.0
South Africa,2013,53873616.0
South Africa,2014,54729551.0
South Africa,2015,55876504.0
South Africa,2016,56422274.0
South Africa,2017,56641209.0
South Africa,2018,57339635.0
South Africa,2019,58087055.0
South Africa,2020,58801927.0
South Africa,2021,59392255.0
South Africa,2022,59893885.0
Turkmenistan,1980,2862903.0
Turkmenistan,1981,2932934.0
Turkmenistan,1982,3005972.0
Turkmenistan,1983,3082202.0
Turkmenistan,1984,3162165.0
Turkmenistan,1985,3246887.0
Turkmenistan,1986,3336773.0
Turkmenistan,1987,3430501.0
Turkmenistan,1988,3525110.0
Turkmenistan,1989,3621303.0
Turkmenistan,1990,3720278.0
Turkmenistan,1991,3821782.0
Turkmenistan,1992,3926369.0
Turkmenistan,1993,4031698.0
Turkmenistan,1994,4133037.0
Turkmenistan,1995,4226623.0
Turkmenistan,1996,4301093.0
Turkmenistan,1997,4363672.0
Turkmenistan,1998,4431517.0
Turkmenistan,1999,4501079.0
Turkmenistan,2000,4569132.0
Turkmenistan,2001,4635094.0
Turkmenistan,2002,4698968.0
Turkmenistan,2003,4758988.0
Turkmenistan,2004,4819792.0
Turkmenistan,2005,4885775.0
Turkmenistan,2006,4954029.0
Turkmenistan,2007,5024894.0
Turkmenistan,2008,5100083.0
Turkmenistan,2009,5180957.0
Turkmenistan,2010,5267970.0
Turkmenistan,2011,5360811.0
Turkmenistan,2012,5458682.0
Turkmenistan,2013,5560095.0
Turkmenistan,2014,5663152.0
Turkmenistan,2015,5766431.0
Turkmenistan,2016,5868561.0
Turkmenistan,2017,5968383.0
Turkmenistan,2018,6065066.0
Turkmenistan,2019,6158420.0
Turkmenistan,2020,6250438.0
Turkmenistan,2021,6341855.0
Turkmenistan,2022,6430770.0
Philippines,1980,48419546.0
Philippines,1981,49679330.0
Philippines,1982,50938522.0
Philippines,1983,52219685.0
Philippines,1984,53514959.0
Philippines,1985,54812660.0
Philippines,1986,56109838.0
Philippines,1987,57415175.0
Philippines,1988,58755923.0
Philippines,1989,60127343.0
Philippines,1990,61558898.0
Philippines,1991,63039751.0
Philippines,1992,64543525.0
Philippines,1993,66083321.0
Philippines,1994,67650283.0
Philippines,1995,69250468.0
Philippines,1996,70944969.0
Philippines,1997,72718837.0
Philippines,1998,74491918.0
Philippines,1999,76249064.0
Philippines,2000,77958223.0
Philippines,2001,79626086.0
Philippines,2002,81285572.0
Philippines,2003,82942837.0
Philippines,2004,84607501.0
Philippines,2005,86261250.0
Philippines,2006,87901835.0
Philippines,2007,89561377.0
Philippines,2008,91252326.0
Philippines,2009,92946951.0
Philippines,2010,94636700.0
Philippines,2011,96337913.0
Philippines,2012,98032317.0
Philippines,2013,99700107.0
Philippines,2014,101325201.0
Philippines,2015,103031365.0
Philippines,2016,104875266.0
Philippines,2017,106738501.0
Philippines,2018,108568836.0
Philippines,2019,110380804.0
Philippines,2020,112190977.0
Philippines,2021,113880328.0
Philippines,2022,115559009.0
Israel,1980,3878000.0
Israel,1981,3956000.0
Israel,1982,4031000.0
Israel,1983,4105000.0
Israel,1984,4159000.0
Israel,1985,4233000.0
Israel,1986,4299000.0
Israel,1987,4369000.0
Israel,1988,4442000.0
Israel,1989,4518000.0
Israel,1990,4660000.0
Israel,1991,4949000.0
Israel,1992,5123000.0
Israel,1993,5261000.0
Israel,1994,5399000.0
Israel,1995,5545000.0
Israel,1996,5692000.0
Israel,1997,5836000.0
Israel,1998,5971000.0
Israel,1999,6125000.0
Israel,2000,6289000.0
Israel,2001,6439000.0
Israel,2002,6570000.0
Israel,2003,6689700.0
Israel,2004,6809000.0
Israel,2005,6930100.0
Israel,2006,7053700.0
Israel,2007,7180100.0
Israel,2008,7308800.0
Israel,2009,7485600.0
Israel,2010,7623600.0
Israel,2011,7765800.0
Israel,2012,7910500.0
Israel,2013,8059500.0
Israel,2014,8215700.0
Israel,2015,8380100.0
Israel,2016,8546000.0
Israel,2017,8713300.0
Israel,2018,8882800.0
Israel,2019,9054000.0
Israel,2020,9215100.0
Israel,2021,9364700.0
Israel,2022,9550600.0
Malaysia,1980,13215707.0
Malaysia,1981,13564594.0
Malaysia,1982,13921029.0
Malaysia,1983,14292862.0
Malaysia,1984,14686454.0
Malaysia,1985,15108135.0
Malaysia,1986,15558740.0
Malaysia,1987,16033103.0
Malaysia,1988,16524616.0
Malaysia,1989,17020143.0
Malaysia,1990,17517054.0
Malaysia,1991,18017464.0
Malaysia,1992,18526708.0
Malaysia,1993,19050077.0
Malaysia,1994,19588703.0
Malaysia,1995,20136888.0
Malaysia,1996,20689051.0
Malaysia,1997,21249178.0
Malaysia,1998,21810542.0
Malaysia,1999,22368655.0
Malaysia,2000,22945150.0
Malaysia,2001,23542517.0
Malaysia,2002,24142445.0
Malaysia,2003,24739411.0
Malaysia,2004,25333247.0
Malaysia,2005,25923536.0
Malaysia,2006,26509413.0
Malaysia,2007,27092604.0
Malaysia,2008,27664296.0
Malaysia,2009,28217204.0
Malaysia,2010,28717731.0
Malaysia,2011,29184133.0
Malaysia,2012,29660212.0
Malaysia,2013,30134807.0
Malaysia,2014,30606459.0
Malaysia,2015,31068833.0
Malaysia,2016,31526418.0
Malaysia,2017,31975806.0
Malaysia,2018,32399271.0
Malaysia,2019,32804020.0
Malaysia,2020,33199993.0
Malaysia,2021,33573874.0
Malaysia,2022,33938221.0
Ireland,1980,3412800.0
Ireland,1981,3453000.0
Ireland,1982,3485800.0
Ireland,1983,3510600.0
Ireland,1984,3532423.0
Ireland,1985,3538082.0
Ireland,1986,3539690.0
Ireland,1987,3540057.0
Ireland,1988,3524949.0
Ireland,1989,3511009.0
Ireland,1990,3513974.0
Ireland,1991,3534235.0
Ireland,1992,3558430.0
Ireland,1993,3576261.0
Ireland,1994,3590386.0
Ireland,1995,3608841.0
Ireland,1996,3637510.0
Ireland,1997,3674171.0
Ireland,1998,3712696.0
Ireland,1999,3754786.0
Ireland,2000,3805174.0
Ireland,2001,3866243.0
Ireland,2002,3931947.0
Ireland,2003,3996521.0
Ireland,2004,4070262.0
Ireland,2005,4159914.0
Ireland,2006,4273591.0
Ireland,2007,4398942.0
Ireland,2008,4489544.0
Ireland,2009,4535375.0
Ireland,2010,4560155.0
Ireland,2011,4580084.0
Ireland,2012,4599533.0
Ireland,2013,4623816.0
Ireland,2014,4657740.0
Ireland,2015,4701957.0
Ireland,2016,4755335.0
Ireland,2017,4807388.0
Ireland,2018,4867316.0
Ireland,2019,4934340.0
Ireland,2020,4985382.0
Ireland,2021,5033165.0
Ireland,2022,5086988.0
Poland,1980,35574150.0
Poland,1981,35898587.0
Poland,1982,36230481.0
Poland,1983,36571808.0
Poland,1984,36904134.0
Poland,1985,37201885.0
Poland,1986,37456119.0
Poland,1987,37668045.0
Poland,1988,37824487.0
Poland,1989,37961529.0
Poland,1990,38110782.0
Poland,1991,38246193.0
Poland,1992,38363667.0
Poland,1993,38461408.0
Poland,1994,38542652.0
Poland,1995,38594998.0
Poland,1996,38624370.0
Poland,1997,38649660.0
Poland,1998,38663481.0
Poland,1999,38660271.0
Poland,2000,38258629.0
Poland,2001,38248076.0
Poland,2002,38230364.0
Poland,2003,38204570.0
Poland,2004,38182222.0
Poland,2005,38165445.0
Poland,2006,38141267.0
Poland,2007,38120560.0
Poland,2008,38125759.0
Poland,2009,38151603.0
Poland,2010,38042794.0
Poland,2011,38063255.0
Poland,2012,38063164.0
Poland,2013,38040196.0
Poland,2014,38011735.0
Poland,2015,37986412.0
Poland,2016,37970087.0
Poland,2017,37974826.0
Poland,2018,37974750.0
Poland,2019,37965475.0
Poland,2020,37899070.0
Poland,2021,37747124.0
Poland,2022,37561599.0
Tunisia,1980,6578156.0
Tunisia,1981,6744050.0
Tunisia,1982,6914963.0
Tunisia,1983,7091270.0
Tunisia,1984,7279157.0
Tunisia,1985,7476092.0
Tunisia,1986,7675499.0
Tunisia,1987,7874302.0
Tunisia,1988,8068788.0
Tunisia,1989,8256396.0
Tunisia,1990,8440023.0
Tunisia,1991,8622853.0
Tunisia,1992,8802540.0
Tunisia,1993,8977173.0
Tunisia,1994,9143141.0
Tunisia,1995,9294102.0
Tunisia,1996,9430550.0
Tunisia,1997,9557948.0
Tunisia,1998,9677148.0
Tunisia,1999,9788067.0
Tunisia,2000,9893316.0
Tunisia,2001,9995123.0
Tunisia,2002,10094561.0
Tunisia,2003,10193798.0
Tunisia,2004,10292225.0
Tunisia,2005,10388344.0
Tunisia,2006,10483558.0
Tunisia,2007,10580395.0
Tunisia,2008,10680380.0
Tunisia,2009,10784504.0
Tunisia,2010,10895063.0
Tunisia,2011,11032528.0
Tunisia,2012,11174383.0
Tunisia,2013,11300284.0
Tunisia,2014,11428948.0
Tunisia,2015,11557779.0
Tunisia,2016,11685667.0
Tunisia,2017,11811443.0
Tunisia,2018,11933041.0
Tunisia,2019,12049314.0
Tunisia,2020,12161723.0
Tunisia,2021,12262946.0
Tunisia,2022,12356117.0
Russian Federation,1980,139010000.0
Russian Federation,1981,139941000.0
Russian Federation,1982,140823000.0
Russian Federation,1983,141668000.0
Russian Federation,1984,142745000.0
Russian Federation,1985,143858000.0
Russian Federation,1986,144894000.0
Russian Federation,1987,145908000.0
Russian Federation,1988,146857000.0
Russian Federation,1989,147721000.0
Russian Federation,1990,147969407.0
Russian Federation,1991,148394216.0
Russian Federation,1992,148538197.0
Russian Federation,1993,148458777.0
Russian Federation,1994,148407912.0
Russian Federation,1995,148375787.0
Russian Federation,1996,148160129.0
Russian Federation,1997,147915361.0
Russian Federation,1998,147670784.0
Russian Federation,1999,147214776.0
Russian Federation,2000,146596869.0
Russian Federation,2001,145976482.0
Russian Federation,2002,145306497.0
Russian Federation,2003,144648618.0
Russian Federation,2004,144067316.0
Russian Federation,2005,143518814.0
Russian Federation,2006,143049637.0
Russian Federation,2007,142805114.0
Russian Federation,2008,142742366.0
Russian Federation,2009,142785349.0
Russian Federation,2010,142849468.0
Russian Federation,2011,142960908.0
Russian Federation,2012,143201721.0
Russian Federation,2013,143506995.0
Russian Federation,2014,143819667.0
Russian Federation,2015,144096870.0
Russian Federation,2016,144342397.0
Russian Federation,2017,144496739.0
Russian Federation,2018,144477859.0
Russian Federation,2019,144406261.0
Russian Federation,2020,144073139.0
Russian Federation,2021,143449286.0
Russian Federation,2022,143555736.0
